-- User
INSERT INTO User VALUES('rodolfina.ol@gmail.com','rodolfapass',1);
INSERT INTO User VALUES('sofiaferreira@gmail.com','ferreirinha123',1);
INSERT INTO User VALUES('diasnuno@hotmail.com','mypass12',1);
INSERT INTO User VALUES('marquinhos_silva@sapo.pt','silvamarco',1);
INSERT INTO User VALUES('cristinapinheiro1@hotmail.com','1cristina',1);
INSERT INTO User VALUES('miquelinamaria@hotmail.com','micas998',1);
INSERT INTO User VALUES('manuel_francisco@gmail.com','manuelcaogest',1);
INSERT INTO User VALUES('josejoaquim@gmail.com','josejoaquim',1);
INSERT INTO User VALUES('guilherminasafreitas@hotmail.com','guilhermina',1);
INSERT INTO User VALUES('manuelantunes@hotmail.com','manuelantunes',1);
INSERT INTO User VALUES('margarida1freitas@sapo.pt','margarida1freitas',1);
INSERT INTO User VALUES('pedrofrazao@iol.pt','pedrofrazao',1);
INSERT INTO User VALUES('menezesaurora@hotmail.com','menezesaurora',1);
INSERT INTO User VALUES('sonia_araujo_25@gmail.com','soniaraujo',1);
INSERT INTO User VALUES('joanapereirinha@hotmail.com','joanapereira',1);
INSERT INTO User VALUES('antoniomoreira48@hotmail.com','antoniomoreira',1);
INSERT INTO User VALUES('ameliacarmelia@gmail.com','amelia',1);
INSERT INTO User VALUES('amelianacarmo@hotmail.com','ameliana',1);
INSERT INTO User VALUES('joanavaz@gmail.com','joanavaz',1);
INSERT INTO User VALUES('felisbertocastro@hotmail.com','felisberto',1);
INSERT INTO User VALUES('marianasantos@gmail.com','marianasantos',1);
INSERT INTO User VALUES('catiazinhavilar@gmail.com','vilarcatia',1);
INSERT INTO User VALUES('eduardalongras@hotmail.com','eduardalongras',1);
INSERT INTO User VALUES('verinhacarvalho@gmail.com','veracarvalho',1);
INSERT INTO User VALUES('justinanazario@hotmail.com','justina',1);
INSERT INTO User VALUES('silviamatos58@hotmail.com','silviamatos58',1);
INSERT INTO User VALUES('laura.matos@gmail.com','lauramatos',1);
INSERT INTO User VALUES('armando_dinis@gmail.com','armando',1);
INSERT INTO User VALUES('carvalhoclaudio@sapo.pt','claudiocarvalho',1);
INSERT INTO User VALUES('henriqueferr@sapo.pt','henriqueferreira',1);
INSERT INTO User VALUES('leonelcosta24@hotmail.com','leonelcosta24',1);
INSERT INTO User VALUES('romeupereira@hotmail.com','romeu',1);
INSERT INTO User VALUES('joaopaulosilva@gmail.com','joaopaulo',1);
INSERT INTO User VALUES('filipe_freitas@gmail.com','filipefreitas',1);
INSERT INTO User VALUES('marcosoliveira12@gmail.com','marcosoliveira12',1);
INSERT INTO User VALUES('celiarodrigues@hotmail.com','celiarodrigues',1);
INSERT INTO User VALUES('cristinarodrigues@hotmail.com','cristinarodrigues',1);
INSERT INTO User VALUES('evamorais@gmail.com','evamorais',1);
INSERT INTO User VALUES('liliana12freitas@gmail.com','liliana12freitas',1);
INSERT INTO User VALUES('loidesilva@gmail.com','loidesilva',1);
INSERT INTO User VALUES('anabelacarvalho@sapo.pt','anabelacarvalho',1);
INSERT INTO User VALUES('salomeMartins@gmail.com','salomeMartins',1);
INSERT INTO User VALUES('estefaniabustabad@gmail.com','estefania',1);
INSERT INTO User VALUES('lucindapacheco@iol.pt','lucindapacheco',1);
INSERT INTO User VALUES('florbelateixeira@gmail.com','florbela',1);
INSERT INTO User VALUES('alexandraleite@hotmail.com','alexandraleite',1);
INSERT INTO User VALUES('vieira-margarida@outlook.com','vieira',1);
INSERT INTO User VALUES('teresavilela@outlook.com','teresavilela',1);
INSERT INTO User VALUES('ritinhanovais@sapo.pt','ritinhanovais',1);
INSERT INTO User VALUES('josemiguelribeiro@outlook.com','josemiguelribeiro',1);
INSERT INTO User VALUES('marisasousa@gmail.com','marisa',1);
INSERT INTO User VALUES('rafaelalves@outlook.com','rafaelalves',1);
INSERT INTO User VALUES('carlasousa@gmail.com','carlasousa',1);
INSERT INTO User VALUES('marcoantonio@hotmail.com','marcoantonio',1);
INSERT INTO User VALUES('ritadiana@gmail.com','ritadiana',1);
INSERT INTO User VALUES('andreiapereira@gmail.com','andreiapereira',1);
INSERT INTO User VALUES('gracindamatias@outlook.com','gracindamatias',1);
INSERT INTO User VALUES('anapenso@gmail.com','penso',1);
INSERT INTO User VALUES('emiliaribeiro@gmail.com','emiliaribeiro',1);
INSERT INTO User VALUES('fatinhaferreira@hotmail.com','fatima',1);
INSERT INTO User VALUES('joaoricardo@gmail.com','joaoricardo',1);
INSERT INTO User VALUES('josepereira@hotmail.com','josepereira',1);
INSERT INTO User VALUES('arturlemos@gmail.com','arturlemos',1);
INSERT INTO User VALUES('soniaribeiro@gmail.com','soniaribeiro',1);
INSERT INTO User VALUES('rosamarinho@outlook.com','rosamarinho',1);
INSERT INTO User VALUES('alicinhanovais@iol.pt','alicinhanovais',1);
INSERT INTO User VALUES('guilhermenovais@gmail.com','guilhermenovais',1);
INSERT INTO User VALUES('flaviacarminho@gmail.com','flaviacarminho',1);
INSERT INTO User VALUES('gabrielamoreira@iol.pt','gabrielamoreira',1);
INSERT INTO User VALUES('carlosbartolo@sapo.pt','carlosbartolo',1);
INSERT INTO User VALUES('associacao.aaav@gmail.com', 'aaav', 2);
INSERT INTO User VALUES('quatropatasefocinhos@gmail.com', 'quatropatas', 2);
INSERT INTO User VALUES('streetdogs@outlook.pt', 'streetdogs', 2);
INSERT INTO User VALUES('associacaoamica@hotmail.com', 'amica', 2);
INSERT INTO User VALUES('apaae@apaae.pt', 'apaae', 2);
INSERT INTO User VALUES('gadaffassociacao@gmail.com', 'gadaff', 2);
INSERT INTO User VALUES('geral@afamafaial.org', 'geral', 2);
INSERT INTO User VALUES('aaparc@hotmail.com', 'aaparc', 2);
INSERT INTO User VALUES('pproanimal@gmail.com', 'pproanimal', 2);
INSERT INTO User VALUES('rafeiroscompanhia@sapo.pt', 'rafeiroscompanhia', 2);
INSERT INTO User VALUES('focinhos@live.com.pt', 'focinhos', 2);
INSERT INTO User VALUES('adaca@sapo.pt', 'adaca', 2);
INSERT INTO User VALUES('info@madeiraanimalwelfare.org', 'info', 2);
INSERT INTO User VALUES('geral@associacaocaoviver.org', 'geral', 2);
INSERT INTO User VALUES('amigos.da.bicharada@gmail.com', 'amigos.da.bicharada', 2);
INSERT INTO User VALUES('apacanimaiscadaval@gmail.com', 'apacanimaiscadaval', 2);
INSERT INTO User VALUES('apamg.geral@gmail.com', 'apamg.geral', 2);
INSERT INTO User VALUES('acasota@gmail.com', 'acasota', 2);
INSERT INTO User VALUES('associacaoguadi@gmail.com', 'associacaoguadi', 2);
INSERT INTO User VALUES('pata.ativa.associacao@gmail.com', 'pata.ativa', 2);
INSERT INTO User VALUES('cat.cantinhodosanimais@gmail.com', 'cat.cantinhodosanimais', 2);

-- Utilizador
INSERT INTO Utilizador VALUES ('rodolfina.ol@gmail.com','Rodolfina Oliveira','1984/03/05','Braga','Rua da Porta','Caldas de Vizela','13141232','Feminino','919187762');
INSERT INTO Utilizador VALUES ('sofiaferreira@gmail.com','Sofia Ferreira','1976/09/06','Braga','Rua de Santa Margarida','Braga','25912338','Feminino','965748219');
INSERT INTO Utilizador VALUES ('diasnuno@hotmail.com','Nuno Dias','2007/02/05','Porto','Travessa das Arroteias','Rio Tinto','12345697','Masculino','928791236');
INSERT INTO Utilizador VALUES ('marquinhos_silva@sapo.pt','Marco Silva','1992/08/22','Braga','Rua Primeiro de Maio','Braga','65425167','Masculino','938102941');
INSERT INTO Utilizador VALUES ('cristinapinheiro1@hotmail.com','Cristina Pinheiro','1983/11/12','Porto','Rua de Portugal','Valongo','97867514','Feminino','918265910');
INSERT INTO Utilizador VALUES ('miquelinamaria@hotmail.com','Miquelina Maria','1987/01/15','Braga','Rua Gil Vicente','Guimarães','13356412','Feminino','934561297');
INSERT INTO Utilizador VALUES ('manuel_francisco@gmail.com','Francisco Manuel','2013/02/09','Braga','Rua Maximino de Matos','Fafe','995513531','Masculino','961296503');
INSERT INTO Utilizador VALUES ('josejoaquim@gmail.com','José Joaquim','1967/05/28','Braga','Rua Camilo Castelo Branco','Vila Nova de Famalicão','772413145','Masculino','912436109');
INSERT INTO Utilizador VALUES ('guilherminasafreitas@hotmail.com','Guilhermina Sá Freitas','1999/10/17','Porto','Rua Santa Catarina','Porto','13389721','Feminino','931409809');
INSERT INTO Utilizador VALUES ('manuelantunes@hotmail.com','Manuel Antunes','1980/03/25','Porto','Rua de Bom Jardim','Paredes','35376115','Masculino','961296438');
INSERT INTO Utilizador VALUES ('margarida1freitas@sapo.pt','Margarida Freitas','1988/04/27','Braga','Rua da Misericórdia','Vila Verde','22583954','Feminino','911123412');
INSERT INTO Utilizador VALUES ('pedrofrazao@iol.pt','Pedro Frazão','1988/08/10','Braga','Rua da Igreja','Póvoa de Lanhoso','66755315','Masculino','932456123');
INSERT INTO Utilizador VALUES ('menezesaurora@hotmail.com','Aurora Menezes','1957/11/11','Porto','Rua Padre Américo','Penafiel','18082725','Feminino','912401967');
INSERT INTO Utilizador VALUES ('sonia_araujo_25@gmail.com','Sónia Araújo','1992/09/25','Viana do Castelo','Praça da República','Caminha','51794325','Feminino','912300098');
INSERT INTO Utilizador VALUES ('joanapereirinha@hotmail.com','Joana Pereira','2003/05/05','Viana do Castelo','Rua das Barcas','Ponte da Barca','69315615','Feminino','914443215');
INSERT INTO Utilizador VALUES ('antoniomoreira48@hotmail.com','António Moreira','1958/12/12','Braga','Rua São João de Deus','Vila Nova de Famalicão','95413251','Masculino','931122334');
INSERT INTO Utilizador VALUES ('ameliacarmelia@gmail.com','Amélia Carmélia','1968/01/31','Braga','Rua São Marcos','Felgueiras','57638288','Feminino','918908907');
INSERT INTO Utilizador VALUES ('amelianacarmo@hotmail.com','Ameliana Carmo','1962/06/21','Braga','Avenida Central','Braga','57613216','Feminino','913453458');
INSERT INTO Utilizador VALUES ('joanavaz@gmail.com','Joana Vaz','1997/10/19','Braga','Rua da Porta Nova','Braga','15263787','Feminino','912396748');
INSERT INTO Utilizador VALUES ('felisbertocastro@hotmail.com','Felisberto Castro','1994/06/21','Braga','Rua Cândido dos Reis','Barcelos','83927153','Masculino','912398654');
INSERT INTO Utilizador VALUES ('marianasantos@gmail.com','Mariana Santos','1992/10/29','Braga','Rua da Senhorinha','Cabeceiras de Basto','1514132','Feminino','912312764');
INSERT INTO Utilizador VALUES ('catiazinhavilar@gmail.com','Cátia Vilar','1987/10/09','Bragança','Rua Almirante Reis','Bragança','1923754','Feminino','912985411');
INSERT INTO Utilizador VALUES ('eduardalongras@hotmail.com','Eduarda Longras','1965/04/09','Bragança','Rua da Fonte','Vinhais','1239842','Feminino','933332343');
INSERT INTO Utilizador VALUES ('verinhacarvalho@gmail.com','Vera Carvalho','1975/02/14','Bragança','Rua Caminho de Ginço','Macedo de Cavaleiros','1872635','Feminino','912312341');
INSERT INTO Utilizador VALUES ('justinanazario@hotmail.com','Justina Nazário','1979/01/14','Vila Real','Rua da Bouça da Raposa','Vila Real','1354236','Feminino','922314528');
INSERT INTO Utilizador VALUES ('silviamatos58@hotmail.com','Silvia Matos','1958/06/24','Vila Real','Rua de Valbom','Mirandela','1445512','Feminino','912095473');
INSERT INTO Utilizador VALUES ('laura.matos@gmail.com','Laura Matos','1989/08/29','Vila Real','Rua Comendador Alfredo Álvares','Mondim de Basto','2396795','Feminino','913452367');
INSERT INTO Utilizador VALUES ('armando_dinis@gmail.com','Armando Dinis','1979/03/09','Viana do Castelo','Rua de Valença','Valença','2312456','Masculino','912345890');
INSERT INTO Utilizador VALUES ('carvalhoclaudio@sapo.pt','Cláudio Carvalho','1982/11/15','Aveiro','Rua da Ribeira','Aveiro','1283924','Masculino','913332221');
INSERT INTO Utilizador VALUES ('henriqueferr@sapo.pt','Henrique Ferreira','1997/10/17','Aveiro','Travessa Visconde','São João da Madeira','1112349','Masculino','93949512');
INSERT INTO Utilizador VALUES ('leonelcosta24@hotmail.com','Leonel Costa','1980/01/25','Aveiro','Travessa Visconde','Albergaria-A-Velha','3124572','Masculino','931213141');
INSERT INTO Utilizador VALUES ('romeupereira@hotmail.com','Romeu Pereira','1989/09/01','Viseu','Rua das Cameiras','Lamego','4127823','Masculino','923242521');
INSERT INTO Utilizador VALUES ('joaopaulosilva@gmail.com','João Paulo Silva','1999/12/21','Viseu','Rua Nunes de Carvalho','Viseu','1235553','Masculino','912156545');
INSERT INTO Utilizador VALUES ('filipe_freitas@gmail.com','Filipe Freitas','1998/02/13','Viseu','Rua Doutor Oliveira Serrão','Sernancelhe','1452511','Masculino','939323490');
INSERT INTO Utilizador VALUES ('marcosoliveira12@gmail.com','Marcos Oliveira','2002/04/12','Guarda','Rua do Hospital','Covilhã','2341234','Masculino','919123123');
INSERT INTO Utilizador VALUES ('celiarodrigues@hotmail.com','Célia Rodrigues','1959/03/01','Guarda','Avenida da República','Trancoso','1112878','Feminino','929391234');
INSERT INTO Utilizador VALUES ('cristinarodrigues@hotmail.com','Cristina Rodrigues','1979/05/11','Castelo Branco','Travessa de Santana','Vila Velha de Rodão','1231111','Feminino','912312399');
INSERT INTO Utilizador VALUES ('evamorais@gmail.com','Eva Morais','1967/08/14','Coimbra','Avenida de Coimbra','Coimbra','7642312','Feminino','912223123');
INSERT INTO Utilizador VALUES ('liliana12freitas@gmail.com','Liliana Freitas','1996/11/30','Coimbra','Rua da Ribeira','Lousã','1239555','Feminino','913454562');
INSERT INTO Utilizador VALUES ('loidesilva@gmail.com','Loide Silva','1956/01/31','Coimbra','Rua São Lourenço','Penela','1451231','Masculino','965676132');
INSERT INTO Utilizador VALUES ('anabelacarvalho@sapo.pt','Anabela Carvalho','1971/02/01','Leiria','Rua Vieira de Leiria','Marinha Grande','4523412','Feminino','968743123');
INSERT INTO Utilizador VALUES ('salomeMartins@gmail.com','Salomé Martins','1982/09/20','Leiria','Rua São Francisco','Leiria','8976123','Feminino','967687621');
INSERT INTO Utilizador VALUES ('estefaniabustabad@gmail.com','Estefânia Bustabad','1952/10/22','Leiria','Travessa da Nazaré','Nazaré','7523142','Feminino','967213321');
INSERT INTO Utilizador VALUES ('carlosbartolo@sapo.pt','Carlos Bártolo','1949/07/02','Santarém','Rua Doutor Egas Moniz','Tomar','4617182','Masculino','965689123');
INSERT INTO Utilizador VALUES ('lucindapacheco@iol.pt','Lucinda Pacheco','1960/09/14','Santarém','Rua Cinco de Outubro','Almeirim','9087625','Feminino','934212345');
INSERT INTO Utilizador VALUES ('florbelateixeira@gmail.com','Florbela Teixeira','1971/09/09','Lisboa','Rua Santo António de Lisboa','Amadora','5261372','Feminino','969998731');
INSERT INTO Utilizador VALUES ('alexandraleite@hotmail.com','Alexandra Leite','1999/06/27','Lisboa','Rua de Loures','Loures','1231231','Feminino','911111123');
INSERT INTO Utilizador VALUES ('vieira-margarida@outlook.com','Margarida Vieira','1978/03/29','Lisboa','Rua do Alcaide','Cascais','5463728','Feminino','917283413');
INSERT INTO Utilizador VALUES ('teresavilela@outlook.com','Teresa Vilela','1989/02/15','Lisboa','Avenida do Cristo Rei','Almada','1000892','Feminino','912312341');
INSERT INTO Utilizador VALUES ('ritinhanovais@sapo.pt','Rita Novais ','1989/08/12','Portalegre','Rua da Mouraria','Portalegre','1324521','Feminino','912222213');
INSERT INTO Utilizador VALUES ('josemiguelribeiro@outlook.com','José Miguel Ribeiro','1970/05/26','Portalegre','Rua de Baixo','Marvão','9862713','Masculino','969897111');
INSERT INTO Utilizador VALUES ('marisasousa@gmail.com','Marisa João Sousa','1977/09/01','Portalegre','Rua João António Gordo','Castelo de Vide','1357986','Feminino','919293949');
INSERT INTO Utilizador VALUES ('rafaelalves@outlook.com','Rafaela Alves','1987/01/03','Évora','Rua Dom Afonso III','Estremoz','4442123','Feminino','919299542');
INSERT INTO Utilizador VALUES ('carlasousa@gmail.com','Carla Sousa','1988/09/01','Évora','Rua Direita','Redondo','1288763','Feminino','917364521');
INSERT INTO Utilizador VALUES ('marcoantonio@hotmail.com','Marco António','1967/05/11','Setúbal','Rua do Convento','Setúbal','7863524','Masculino','969213425');
INSERT INTO Utilizador VALUES ('ritadiana@gmail.com','Rita Diana','1987/01/31','Setúbal','Rua do Zimbro','Tróia','1562731','Feminino','911213145');
INSERT INTO Utilizador VALUES ('andreiapereira@gmail.com','Andreia Pereira','1993/10/11','Setúbal','Rua dos Ciprestes','Alcácer do Sal','6725132','Feminino','916273123');
INSERT INTO Utilizador VALUES ('gracindamatias@outlook.com','Gracinda Matias','1965/04/21','Beja','Rua da Casa Pia','Ferreira do Alentejo','1452314','Feminino','967623142');
INSERT INTO Utilizador VALUES ('anapenso@gmail.com','Ana Penso','1990/12/12','Beja','Rua de Arouche','Moura','3421231','Feminino','934212387');
INSERT INTO Utilizador VALUES ('emiliaribeiro@gmail.com','Emília Ribeiro','1970/11/29','Faro','Rua João de Deus','Faro','4512738','Feminino','939281723');
INSERT INTO Utilizador VALUES ('fatinhaferreira@hotmail.com','Fátima Ferreira','1978/10/23','Faro','Rua 8 de Maio','Loulé','9725162','Feminino','967676212');
INSERT INTO Utilizador VALUES ('joaoricardo@gmail.com','João Ricardo','1995/04/22','Faro','Rua da Liberdade','Olhão','1425361','Masculino','912776542');
INSERT INTO Utilizador VALUES ('josepereira@hotmail.com','José Pereira','1998/12/22','Angra do Heroísmo','Rua Canada das Almas','Angra do Heroísmo','7621321','Masculino','912132123');
INSERT INTO Utilizador VALUES ('arturlemos@gmail.com','Artur Lemos','1960/06/28','Angra do Heroísmo','Travessa do Falcão','Vila São Sebastião','3421231','Masculino','934212387');
INSERT INTO Utilizador VALUES ('soniaribeiro@gmail.com','Sónia Ribeiro','1998/01/04','Funchal','Travessa de São Martinho','Funchal','1444231','Feminino','962713281');
INSERT INTO Utilizador VALUES ('rosamarinho@outlook.com','Rosa Marinho','1992/03/29','Funchal','Rua Semião Pestana','Porto Santo','1887231','Feminino','912367751');
INSERT INTO Utilizador VALUES ('alicinhanovais@iol.pt','Alice Novais','1963/01/07','Horta','Rua Advogado Graça','Horta','1666523','Feminino','915263123');
INSERT INTO Utilizador VALUES ('guilhermenovais@gmail.com','Guilherme Novais','1981/05/05','Horta','Rua da Igreja','Ribeirinha','1426162','Masculino','967852613');
INSERT INTO Utilizador VALUES ('flaviacarminho@gmail.com','Flávia Carminho','1970/07/02','Ponta Delgada','Avenida Antero Quental','Ponta Delgada','1452132','Feminino','919777213');
INSERT INTO Utilizador VALUES ('gabrielamoreira@iol.pt','Gabriela Moreira','1984/09/21','Lisboa','Rua Castelinhos','Lisboa','1728352','Feminino','962415236');

-- Canis
INSERT INTO Canil VALUES ('associacao.aaav@gmail.com','001000003960114000128','Associação dos Amigos dos Animais',50,200,'Aveiro','Rua do Brejo - São Marcos 3850', 'Albergaria-A-Velha', 'N/A', 'Aceite');
INSERT INTO Canil VALUES ('quatropatasefocinhos@gmail.com','003300004548044209005','Quatro Patas e Focinhos',40,150,'Aveiro','Anaida', 'Mealhada', '918570448', 'Aceite');
INSERT INTO Canil VALUES ('streetdogs@outlook.pt','002300004544552141194','StreetDogs',100,300,'Braga','Barcelos','Barcelos','N/A','Aceite');
INSERT INTO Canil VALUES ('associacaoamica@hotmail.com','004522164027154963919', 'Associação Amicus Canis',120,200,'Bragança', 'Rua superior Agrária de Bragança', 'Santa Apolónia' ,'926708103', 'Rejeitado');
INSERT INTO Canil VALUES ('apaae@apaae.pt','N/A', 'APAAE', 40,150, 'Castelo Branco', 'Rua Dr. João Frade Correia', 'Castelo Branco', '963667892', 'Aceite');
INSERT INTO Canil VALUES ('gadaffassociacao@gmail.com', '001000005346315000151', 'Associação Gadaff', 60,100, 'Coimbra', 'Rua do Barreto 3080-246','Figueira da Foz', '912409823', 'Pendente');
INSERT INTO Canil VALUES ('geral@afamafaial.org', '001800080617255402014', 'Associação Faialense dos amigos dos animais', 70,100, 'Açores', 'Freguesia da Horta Canada dos Arrendamentos','Faial', '926374477', 'Aceite');
INSERT INTO Canil VALUES ('aaparc@hotmail.com', '004510904027009161388', 'Associação dos amigos e protectores dos animais em risco de Cinfães', 36,60, 'Viseu', 'R MAJOR MONTEIRO LEITE 39, 4690-042','Cinfães', 'N/A', 'Aceite');
INSERT INTO Canil VALUES ('pproanimal@gmail.com', '001000004814325000121', 'Plataforma Proanimal', 29,60, 'Vila Real', ' R. Dom Pedro de Castro','Vila Real', '910600404', 'Aceite');
INSERT INTO Canil VALUES ('rafeiroscompanhia@sapo.pt', '003300004542571236205', 'Rafeiros e companhia', 52,74, 'Viana do Castelo', ' R. Dom Pedro de Castro','Monção', '969179738', 'Aceite');
INSERT INTO Canil VALUES ('focinhos@live.com.pt', '004560204023925818957', 'Focinhos', 58,68, 'Setúbal', ' ALT DE SÃO MIGUEL 1, 7580-219','Alcácer do Sal', 'N/A', 'Aceite');
INSERT INTO Canil VALUES ('adaca@sapo.pt', '003507000000605213075', 'Associação defesa dos animais do concelho de abrantes', 58,68, 'Santarém', 'R. das Comissões 21-23','Abrantes', '968386916', 'Aceite');
INSERT INTO Canil VALUES ('info@madeiraanimalwelfare.org', 'N/A', 'Associação AMAW', 25,50, 'Madeira', 'Rua Cidade de Oakland nº1','Funchal', '966295555', 'Aceite');
INSERT INTO Canil VALUES ('geral@associacaocaoviver.org', '003504290005282393016', 'Cãoviver', 76,104, 'Porto', ' R. Central do Sobreiro, 4470-372 ','Maia', 'N/A', 'Pendente');
INSERT INTO Canil VALUES ('amigos.da.bicharada@gmail.com', '004602422549310010652', 'Amigos da bicharada', 30,40, 'Portalegre', 'AV DA PIEDADE8,7350-094','Elvas', 'N/A', 'Aceite');
INSERT INTO Canil VALUES ('apacanimaiscadaval@gmail.com', '003501800001528253087', 'Associação protectora de animais do Cadaval', 111,152, 'Lisboa', 'Rua Padre José Inácio Pereira ','Cadaval', '927295099', 'Aceite');
INSERT INTO Canil VALUES ('apamg.geral@gmail.com', '003300004527819243405', 'Associação Protectora Animais Marinha Grande', 87,113, 'Leiria', 'Rua Machado Santos, n.21','Marinha Grande', '919737733', 'Aceite');
INSERT INTO Canil VALUES ('acasota@gmail.com', '003503600004042373017', 'A casota', 74,97, 'Guarda', 'Rua Dr Lopo de Carvalho nº37 6300-700 ','Guarda', '967243606', 'Aceite');
INSERT INTO Canil VALUES ('associacaoguadi@gmail.com', '003502340000669213002', 'Associação Guadi', 70,90, 'Faro', 'Rua D. Pedro V, nº 38, 2º 8900 - 283','Vila Real de Santo António', '927167755', 'Aceite');
INSERT INTO Canil VALUES ('pata.ativa.associacao@gmail.com', '004570124028115653408', 'Pata ativa', 83,92, 'Faro', 'Beco da Felosa-Centro Comercial BellaVista','Albufeira', '912538744', 'Aceite');
INSERT INTO Canil VALUES ('cat.cantinhodosanimais@gmail.com', '003502970006941573012', 'Cantinho dos Animais', 115,135, 'Évora', 'EN 18 (Évora–Estremoz) Km 6','Évora', '964648988', 'Aceite');

-- Parceria
INSERT INTO Parceria VALUES(1, 'Clínica Veterinária Planeta Animal', 'https://www.planetaanimal.pt', 'https://www.asuaclinica.pt/wp-content/sabai/File/files/l_4b9badb1ef6d0aacefb7fdf2aaa7b9a2.png');
INSERT INTO Parceria VALUES(2, 'Clínica Veterinária de Albergaria', 'https://clinicaveterinariaalbergaria.pt' ,'https://clinicaveterinariaalbergaria.pt/wp-content/uploads/2019/09/vetalbergaria_marca.png');
INSERT INTO Parceria VALUES(3, 'Clínica Veterinária VetAmigo', 'http://www.vetamigo.com', 'https://centrostalento.pt/wp-content/uploads/vetamigo.jpg');
INSERT INTO Parceria VALUES(4, 'Hospital Veterinário do Baixo Vouga','http://www.onevetgroup.pt/hvbv/','https://www.onevetgroup.pt/media/119340/hvbv-720x149.png?mode=max&amp;width=720&amp;height=405');
INSERT INTO Parceria VALUES(5, 'Policlínica Veterinária de Aveiro', 'http://www.onevetgroup.pt/pvaveiro/','https://www.onevetgroup.pt/media/118237/policlinica-aveiro.png?mode=max&amp;width=720&amp;height=405');
INSERT INTO Parceria VALUES(6, 'Junta de Freguesia de Albergaria-A-Velha', 'https://www.jf-albergaria.pt', 'http://www.areacelular.pt/fotos_1/albergaria.jpg');
INSERT INTO Parceria VALUES(7, 'Câmara Municipal de Albergaria-A-Velha', 'https://www.cm-albergaria.pt', 'https://albacowork.pt/_files/200000036-e4f84e4f87/450/CMAAV.png');
INSERT INTO Parceria VALUES(8, 'Clínica Veterinária de Pedrinhas','https://clinicaveterinariadaspedrinhas.negocio.site', 'https://2.bp.blogspot.com/-9NCrwZwPcco/VJNxNanuvbI/AAAAAAAAFgk/n6-rd0D5UPU/s320/clinica%2Bdas%2Bpedrinhas.jpg');
INSERT INTO Parceria VALUES(9, 'Esfera Design','http://www.esfera.pt', 'https://2.bp.blogspot.com/-ltn98Aw-15I/UwZ55Yp-xsI/AAAAAAAAD0M/X9A_2rgwi5k/s1600/logo+esfera.png');
INSERT INTO Parceria VALUES(10, 'Centro Veterinário de Vilarinho', 'https://www.facebook.com/CentroVeterinarioDeVilarinho', 'https://petlaces.com/cropped/IMG34087dbaa447493fb756f930319b5423_750x500.jpg');
INSERT INTO Parceria VALUES(11, 'Best Choice Lodging', 'https://www.bestchoicelodging.com', 'https://uppa.pt/wp-content/uploads/2019/03/Best-Choice-Lodging.jpg');
INSERT INTO Parceria VALUES(12, 'Alves Bandeira','https://www.alvesbandeira.pt/rede-de-postos/', 'https://autolook.pt/wp-content/uploads/2019/05/Alves-Bandeira-Logo-300x200.png');
INSERT INTO Parceria VALUES(13, 'SOMAQ', 'https://www.facebook.com/somaq.guilhermerololda', 'https://4.bp.blogspot.com/-3U7HwmVSmho/Ua-kgqHSCvI/AAAAAAAACK0/sxqV2-t9WQ8/s320/somaq+pequeno.jpg');
INSERT INTO Parceria VALUES(14, 'VetOlival', 'https://www.facebook.com/centroveterinarioolival/', 'https://www.streetdogspt.com/img/vetolival.jpg');
INSERT INTO Parceria VALUES(15, 'WisePets', 'https://www.facebook.com/wisepetsportugal/','https://scontent.fopo3-2.fna.fbcdn.net/v/t1.0-9/36818920_1286679321465497_9200198957421035520_o.jpg?_nc_cat=102&_nc_sid=85a577&_nc_ohc=BMNAQ19miMAAX-YSbsZ&_nc_ht=scontent.fopo3-2.fna&oh=39419693cca0f22b8c21c64d90c20ab3&oe=5ED2AC3A');
INSERT INTO Parceria VALUES(16, 'Mia Bigodes', 'https://miabigodes.com','https://pro2-bar-s3-cdn-cf6.myportfolio.com/6b38b14a-9390-41ea-98ea-c57425e373bb/aa37201f-3ad2-4447-abf8-a11526d24e16_rwc_0x0x447x129x4096.png?h=21e3abd112d1e6dfbc3332f01b4654c5');
INSERT INTO Parceria VALUES(17, 'Fiona & Lucifera', 'https://www.facebook.com/fionalucifera/', 'https://scontent.fopo3-1.fna.fbcdn.net/v/t1.0-9/81924768_1386552338192645_6637095962751795200_n.jpg?_nc_cat=101&_nc_sid=85a577&_nc_ohc=kHYT3WAKBmoAX_i3Dy5&_nc_ht=scontent.fopo3-1.fna&oh=aade2db4b488d2fd8b93b5678dfbe21a&oe=5ED5FFE0');
INSERT INTO Parceria VALUES(18, 'Animalife','https://animalife.pt/pt/home', 'https://upload.wikimedia.org/wikipedia/commons/1/1f/Coração_Animalife_Roxo.png');
INSERT INTO Parceria VALUES(19, 'OrniEx', 'http://www.orniex.com', 'http://www.apk.pt/wp-content/uploads/2018/06/logorniex.jpg');

-- Canil_has_Parceria
INSERT INTO Canil_has_Parceria VALUES ('associacao.aaav@gmail.com',1);
INSERT INTO Canil_has_Parceria VALUES ('associacao.aaav@gmail.com',2);
INSERT INTO Canil_has_Parceria VALUES ('associacao.aaav@gmail.com',3);
INSERT INTO Canil_has_Parceria VALUES ('associacao.aaav@gmail.com',4);
INSERT INTO Canil_has_Parceria VALUES ('associacao.aaav@gmail.com',5);
INSERT INTO Canil_has_Parceria VALUES ('associacao.aaav@gmail.com',6);
INSERT INTO Canil_has_Parceria VALUES ('associacao.aaav@gmail.com',7);
INSERT INTO Canil_has_Parceria VALUES ('quatropatasefocinhos@gmail.com',8);
INSERT INTO Canil_has_Parceria VALUES ('quatropatasefocinhos@gmail.com',9);
INSERT INTO Canil_has_Parceria VALUES ('quatropatasefocinhos@gmail.com',10);
INSERT INTO Canil_has_Parceria VALUES ('quatropatasefocinhos@gmail.com',11);
INSERT INTO Canil_has_Parceria VALUES ('quatropatasefocinhos@gmail.com',12);
INSERT INTO Canil_has_Parceria VALUES ('quatropatasefocinhos@gmail.com',13);
INSERT INTO Canil_has_Parceria VALUES ('streetdogs@outlook.pt',14);
INSERT INTO Canil_has_Parceria VALUES ('streetdogs@outlook.pt',15);
INSERT INTO Canil_has_Parceria VALUES ('streetdogs@outlook.pt',16);
INSERT INTO Canil_has_Parceria VALUES ('streetdogs@outlook.pt',17);
INSERT INTO Canil_has_Parceria VALUES ('streetdogs@outlook.pt',18);
INSERT INTO Canil_has_Parceria VALUES ('streetdogs@outlook.pt',19);

-- Donativos
INSERT INTO Donativos VALUES(1,'streetdogs@outlook.pt','marquinhos_silva@sapo.pt',150,'2020/12/14');
INSERT INTO Donativos VALUES(2,'streetdogs@outlook.pt','manuel_francisco@gmail.com',10,'2020/03/02');
INSERT INTO Donativos VALUES(3,'quatropatasefocinhos@gmail.com','rodolfina.ol@gmail.com',200,'2018/04/01');
INSERT INTO Donativos VALUES(4,'streetdogs@outlook.pt','marquinhos_silva@sapo.pt',150,'2020/12/14');
INSERT INTO Donativos VALUES(5,'associacao.aaav@gmail.com','manuel_francisco@gmail.com',10,'2020/03/02');
INSERT INTO Donativos VALUES(6,'quatropatasefocinhos@gmail.com','rodolfina.ol@gmail.com',200,'2018/04/01');
INSERT INTO Donativos VALUES(7,'apaae@apaae.pt','pedrofrazao@iol.pt',450,'2020/12/14');
INSERT INTO Donativos VALUES(8,'streetdogs@outlook.pt','manuelantunes@hotmail.com',200,'2020/03/02');
INSERT INTO Donativos VALUES(9,'apaae@apaae.pt','catiazinhavilar@gmail.com',100,'2018/04/01');
INSERT INTO Donativos VALUES (10,'adaca@sapo.pt','rodolfina.ol@gmail.com',20,'2020/02/12');
INSERT INTO Donativos VALUES (11,'adaca@sapo.pt','rodolfina.ol@gmail.com',10,'2020/03/12');
INSERT INTO Donativos VALUES (12,'pata.ativa.associacao@gmail.com','emiliaribeiro@gmail.com',35,'2020/03/22');
INSERT INTO Donativos VALUES (13,'pata.ativa.associacao@gmail.com','joaoricardo@gmail.com',20,'2020/01/06');
INSERT INTO Donativos VALUES (14,'associacao.aaav@gmail.com','carvalhoclaudio@sapo.pt',15,'2020/01/04');
INSERT INTO Donativos VALUES (15,'quatropatasefocinhos@gmail.com','carvalhoclaudio@sapo.pt',15,'2020/01/04');
INSERT INTO Donativos VALUES (16,'streetdogs@outlook.pt','carvalhoclaudio@sapo.pt',15,'2020/01/04');
INSERT INTO Donativos VALUES (17,'streetdogs@outlook.pt','amelianacarmo@hotmail.com',5,'2020/02/19');
INSERT INTO Donativos VALUES (18,'streetdogs@outlook.pt','amelianacarmo@hotmail.com',15,'2020/03/19');
INSERT INTO Donativos VALUES (19,'streetdogs@outlook.pt','manuel_francisco@gmail.com',30,'2020/05/01');
INSERT INTO Donativos VALUES (20,'streetdogs@outlook.pt','margarida1freitas@sapo.pt',15,'2020/01/30');
INSERT INTO Donativos VALUES (21,'focinhos@live.com.pt','ritadiana@gmail.com',10,'2020/04/13');
INSERT INTO Donativos VALUES (22,'geral@associacaocaoviver.org','menezesaurora@hotmail.com',25,'2020/02/13');
INSERT INTO Donativos VALUES (23,'geral@associacaocaoviver.org','menezesaurora@hotmail.com',25,'2020/05/03');

-- Cão
INSERT INTO Cao VALUES (1,'Mili','Fêmea','Brincalhona e muito meiga','Por Adotar','Yorkshire Terrier','Preto,Castanho',2,'Nao','Pequeno','associacao.aaav@gmail.com');
INSERT INTO Cao VALUES (2,'Alfa','Macho','Ótimo cão de guarda e muito sociável','Reservado','Pitbull','Branco,Castanho',3,'Sim','Médio','associacao.aaav@gmail.com');
INSERT INTO Cao VALUES (3,'Lenny','Macho','N/A','Adotado','Pitbull','Amarelo,Castanho',5,'Sim','Pequeno','associacao.aaav@gmail.com');
INSERT INTO Cao VALUES (4,'Lessy','Fêmea','Bem disposta e muito energética','Por Adotar' ,'Samoiedo','Branco',3,'Sim','Grande','streetdogs@outlook.pt');
INSERT INTO Cao VALUES (5,'Balu','Macho','N/A','Por Adotar','Terranova','Castanho',6,'Sim','Grande','streetdogs@outlook.pt');
INSERT INTO Cao VALUES (6,'Kovu','Macho','Brincalhão e meigo','Adotado','Golden Retriever','Dourado',2,'Sim','Grande','streetdogs@outlook.pt');
INSERT INTO Cao VALUES (7,'Yuca','Fêmea','N/A','Por Adotar','Serra da Estrela','Castanho',4,'Nao','Grande','geral@afamafaial.org');
INSERT INTO Cao VALUES (8,'Bailey','Macho','N/A','Por Adotar','Labrador Retriever','Amarelo',8,'Sim','Grande','geral@afamafaial.org');
INSERT INTO Cao VALUES (9,'Zoe','Fêmea','Adora fazer companhia e brincar','Adotado','Labrador Retriever','Amarelo',3,'Sim','Grande','geral@afamafaial.org');
INSERT INTO Cao VALUES (10,'Luna','Fêmea','Energética','Adotado','Chihuahua','Branco',2,'Nao','Pequeno','adaca@sapo.pt');
INSERT INTO Cao VALUES (11,'Hashiki','Macho','N/A','Adotado','Chihuahua','Branco, Amarelo',4,'Sim','Médio','adaca@sapo.pt');
INSERT INTO Cao VALUES (12,'Nala','Fêmea','Brincalhona e boa cadela de guarda','Por Adotar','Pastor Alemão','Preto,Castanho',3,'Sim','Grande','adaca@sapo.pt');

-- Adoção
INSERT INTO Adocao VALUES (1,'2019/12/03','Aceite',3,'É própria','Não',NULL,'Acompanhará a família','Própria','Jardim','Moradia','Guarda','leonelcosta24@hotmail.com','Sim','Não');
INSERT INTO Adocao VALUES (2,'2020/04/03','Aceite',6,'É própria','Não','Gato','Ficará com familiares/amigos','Própria','Jardim','Vivenda','Companhia','josejoaquim@gmail.com','Sim','Sim');
INSERT INTO Adocao VALUES (3,'2020/02/23','Aceite',9,'É própria','Não','Cão Labrador Retriever','Ficará com familiares/amigos','Própria','Jardim','Vivenda','Companhia','arturlemos@gmail.com','Sim','Sim');
INSERT INTO Adocao VALUES (4,'2020/04/14','Aceite',10,'Sim','Não',NULL,'Ficará com familiares/amigos','Alugada','Varanda','Apartamento','Companhia','lucindapacheco@iol.pt','Sim','Não');
INSERT INTO Adocao VALUES (5,'2020/01/31','Pendente',2,'É própria','Não',NULL,'Acompanhará a família','Própria','Jardim','Vivenda','Companhia','henriqueferr@sapo.pt','Sim','Não');
INSERT INTO Adocao VALUES (6,'2018/02/04','Expirado',12,'Sim','Nao','cão, gato','Ficará num hotel','Própria','Jardim','Moradia','Companhia','josemiguelribeiro@outlook.com','Sim','Sim');
INSERT INTO Adocao VALUES (7,'2017/10/06','Recusado',7,'Sim','Nao','cão','Acompanhará a família','Arrendada','Jardim','Apartamento','Companhia','fatinhaferreira@hotmail.com','Sim','Sim');
INSERT INTO Adocao VALUES (8,'2019/04/01','Recusado',11,'Sim','Nao','piriquito','Ficará com familiares/amigos','Própria','Jardim','Vivenda','Companhia','gabrielamoreira@iol.pt','Sim','Sim');
