USE caogest;

-- User
INSERT INTO User VALUES('admincaogest@caogest.pt', 'caogestadmin', 0, 0);
INSERT INTO User VALUES('f7carolina.cunha@gmail.com','carolina',1,0);
INSERT INTO User VALUES('rodolfina.ol@gmail.com','rodolfapass',1, 0);
INSERT INTO User VALUES('sofiaferreira@gmail.com','ferreirinha123',1, 0);
INSERT INTO User VALUES('diasnuno@hotmail.com','mypass12',1, 0);
INSERT INTO User VALUES('marquinhos_silva@sapo.pt','silvamarco',1, 0);
INSERT INTO User VALUES('cristinapinheiro1@hotmail.com','1cristina',1, 0);
INSERT INTO User VALUES('miquelinamaria@hotmail.com','micas998',1, 0);
INSERT INTO User VALUES('manuel_francisco@gmail.com','manuelcaogest',1, 0);
INSERT INTO User VALUES('josejoaquim@gmail.com','josejoaquim',1, 0);
INSERT INTO User VALUES('guilherminasafreitas@hotmail.com','guilhermina',1, 0);
INSERT INTO User VALUES('manuelantunes@hotmail.com','manuelantunes',1, 0);
INSERT INTO User VALUES('margarida1freitas@sapo.pt','margarida1freitas',1, 0);
INSERT INTO User VALUES('pedrofrazao@iol.pt','pedrofrazao',1, 0);
INSERT INTO User VALUES('menezesaurora@hotmail.com','menezesaurora',1, 0);
INSERT INTO User VALUES('sonia_araujo_25@gmail.com','soniaraujo',1, 0);
INSERT INTO User VALUES('joanapereirinha@hotmail.com','joanapereira',1, 0);
INSERT INTO User VALUES('antoniomoreira48@hotmail.com','antoniomoreira',1, 0);
INSERT INTO User VALUES('ameliacarmelia@gmail.com','amelia',1, 0);
INSERT INTO User VALUES('amelianacarmo@hotmail.com','ameliana',1, 0);
INSERT INTO User VALUES('joanavaz@gmail.com','joanavaz',1, 0);
INSERT INTO User VALUES('felisbertocastro@hotmail.com','felisberto',1, 0);
INSERT INTO User VALUES('marianasantos@gmail.com','marianasantos',1, 0);
INSERT INTO User VALUES('catiazinhavilar@gmail.com','vilarcatia',1, 0);
INSERT INTO User VALUES('eduardalongras@hotmail.com','eduardalongras',1, 0);
INSERT INTO User VALUES('verinhacarvalho@gmail.com','veracarvalho',1, 0);
INSERT INTO User VALUES('justinanazario@hotmail.com','justina',1, 0);
INSERT INTO User VALUES('silviamatos58@hotmail.com','silviamatos58',1, 0);
INSERT INTO User VALUES('laura.matos@gmail.com','lauramatos',1, 0);
INSERT INTO User VALUES('armando_dinis@gmail.com','armando',1, 0);
INSERT INTO User VALUES('carvalhoclaudio@sapo.pt','claudiocarvalho',1, 0);
INSERT INTO User VALUES('henriqueferr@sapo.pt','henriqueferreira',1, 0);
INSERT INTO User VALUES('leonelcosta24@hotmail.com','leonelcosta24',1, 0);
INSERT INTO User VALUES('romeupereira@hotmail.com','romeu',1, 0);
INSERT INTO User VALUES('joaopaulosilva@gmail.com','joaopaulo',1, 0);
INSERT INTO User VALUES('filipe_freitas@gmail.com','filipefreitas',1, 0);
INSERT INTO User VALUES('marcosoliveira12@gmail.com','marcosoliveira12',1, 0);
INSERT INTO User VALUES('celiarodrigues@hotmail.com','celiarodrigues',1, 0);
INSERT INTO User VALUES('cristinarodrigues@hotmail.com','cristinarodrigues',1, 0);
INSERT INTO User VALUES('evamorais@gmail.com','evamorais',1, 0);
INSERT INTO User VALUES('liliana12freitas@gmail.com','liliana12freitas',1, 0);
INSERT INTO User VALUES('loidesilva@gmail.com','loidesilva',1, 0);
INSERT INTO User VALUES('anabelacarvalho@sapo.pt','anabelacarvalho',1, 0);
INSERT INTO User VALUES('salomeMartins@gmail.com','salomeMartins',1, 0);
INSERT INTO User VALUES('estefaniabustabad@gmail.com','estefania',1, 0);
INSERT INTO User VALUES('lucindapacheco@iol.pt','lucindapacheco',1, 0);
INSERT INTO User VALUES('florbelateixeira@gmail.com','florbela',1, 0);
INSERT INTO User VALUES('alexandraleite@hotmail.com','alexandraleite',1, 0);
INSERT INTO User VALUES('vieira-margarida@outlook.com','vieira',1, 0);
INSERT INTO User VALUES('teresavilela@outlook.com','teresavilela',1, 0);
INSERT INTO User VALUES('ritinhanovais@sapo.pt','ritinhanovais',1, 0);
INSERT INTO User VALUES('josemiguelribeiro@outlook.com','josemiguelribeiro',1, 0);
INSERT INTO User VALUES('marisasousa@gmail.com','marisa',1, 0);
INSERT INTO User VALUES('rafaelalves@outlook.com','rafaelalves',1, 0);
INSERT INTO User VALUES('carlasousa@gmail.com','carlasousa',1, 0);
INSERT INTO User VALUES('marcoantonio@hotmail.com','marcoantonio',1, 0);
INSERT INTO User VALUES('ritadiana@gmail.com','ritadiana',1, 0);
INSERT INTO User VALUES('andreiapereira@gmail.com','andreiapereira',1, 0);
INSERT INTO User VALUES('gracindamatias@outlook.com','gracindamatias',1, 0);
INSERT INTO User VALUES('anapenso@gmail.com','penso',1, 0);
INSERT INTO User VALUES('emiliaribeiro@gmail.com','emiliaribeiro',1, 0);
INSERT INTO User VALUES('fatinhaferreira@hotmail.com','fatima',1, 0);
INSERT INTO User VALUES('joaoricardo@gmail.com','joaoricardo',1, 0);
INSERT INTO User VALUES('josepereira@hotmail.com','josepereira',1, 0);
INSERT INTO User VALUES('arturlemos@gmail.com','arturlemos',1, 0);
INSERT INTO User VALUES('soniaribeiro@gmail.com','soniaribeiro',1, 0);
INSERT INTO User VALUES('rosamarinho@outlook.com','rosamarinho',1, 0);
INSERT INTO User VALUES('alicinhanovais@iol.pt','alicinhanovais',1, 0);
INSERT INTO User VALUES('guilhermenovais@gmail.com','guilhermenovais',1, 0);
INSERT INTO User VALUES('flaviacarminho@gmail.com','flaviacarminho',1, 0);
INSERT INTO User VALUES('gabrielamoreira@iol.pt','gabrielamoreira',1, 0);
INSERT INTO User VALUES('carlosbartolo@sapo.pt','carlosbartolo',1, 0);
INSERT INTO User VALUES('associacao.aaav@gmail.com', 'aaav', 2, 0);
INSERT INTO User VALUES('quatropatasefocinhos@gmail.com', 'quatropatas', 2, 0);
INSERT INTO User VALUES('streetdogs@outlook.pt', 'streetdogs', 2, 0);
INSERT INTO User VALUES('associacaoamica@hotmail.com', 'amica', 2, 0);
INSERT INTO User VALUES('apaae@apaae.pt', 'apaae', 2, 0);
INSERT INTO User VALUES('gadaffassociacao@gmail.com', 'gadaff', 2, 0);
INSERT INTO User VALUES('geral@afamafaial.org', 'geral', 2, 0);
INSERT INTO User VALUES('aaparc@hotmail.com', 'aaparc', 2, 0);
INSERT INTO User VALUES('pproanimal@gmail.com', 'pproanimal', 2, 0);
INSERT INTO User VALUES('rafeiroscompanhia@sapo.pt', 'rafeiroscompanhia', 2, 0);
INSERT INTO User VALUES('focinhos@live.com.pt', 'focinhos', 2, 0);
INSERT INTO User VALUES('adaca@sapo.pt', 'adaca', 2, 0);
INSERT INTO User VALUES('info@madeiraanimalwelfare.org', 'info', 2, 0);
INSERT INTO User VALUES('geral@associacaocaoviver.org', 'geral', 2, 0);
INSERT INTO User VALUES('amigos.da.bicharada@gmail.com', 'amigos.da.bicharada', 2, 0);
INSERT INTO User VALUES('apacanimaiscadaval@gmail.com', 'apacanimaiscadaval', 2, 0);
INSERT INTO User VALUES('apamg.geral@gmail.com', 'apamg.geral', 2, 0);
INSERT INTO User VALUES('acasota@gmail.com', 'acasota', 2, 0);
INSERT INTO User VALUES('associacaoguadi@gmail.com', 'associacaoguadi', 2, 0);
INSERT INTO User VALUES('pata.ativa.associacao@gmail.com', 'pata.ativa', 2, 0);
INSERT INTO User VALUES('cat.cantinhodosanimais@gmail.com', 'cat.cantinhodosanimais', 2, 0);
INSERT INTO User VALUES('joaodiogomota12@gmail.com','joao',2,0);

-- Utilizador
INSERT INTO Utilizador VALUES ('rodolfina.ol@gmail.com','Rodolfina Oliveira','1984/03/05','Braga','Rua da Porta','Caldas de Vizela','13141232','Feminino','919187762', 0,'404937371');
INSERT INTO Utilizador VALUES ('sofiaferreira@gmail.com','Sofia Ferreira','1976/09/06','Braga','Rua de Santa Margarida','Braga','25912338','Feminino','965748219', 0,'276560690');
INSERT INTO Utilizador VALUES ('diasnuno@hotmail.com','Nuno Dias','2007/02/05','Porto','Travessa das Arroteias','Rio Tinto','12345697','Masculino','928791236', 0,'227180608');
INSERT INTO Utilizador VALUES ('marquinhos_silva@sapo.pt','Marco Silva','1992/08/22','Braga','Rua Primeiro de Maio','Braga','65425167','Masculino','938102941', 0,'897923809');
INSERT INTO Utilizador VALUES ('cristinapinheiro1@hotmail.com','Cristina Pinheiro','1983/11/12','Porto','Rua de Portugal','Valongo','97867514','Feminino','918265910', 0,'862334712');
INSERT INTO Utilizador VALUES ('miquelinamaria@hotmail.com','Miquelina Maria','1987/01/15','Braga','Rua Gil Vicente','Guimarães','13356412','Feminino','934561297', 0,'417507009');
INSERT INTO Utilizador VALUES ('manuel_francisco@gmail.com','Francisco Manuel','2013/02/09','Braga','Rua Maximino de Matos','Fafe','995513531','Masculino','961296503', 0,'589266514');
INSERT INTO Utilizador VALUES ('josejoaquim@gmail.com','José Joaquim','1967/05/28','Braga','Rua Camilo Castelo Branco','Vila Nova de Famalicão','772413145','Masculino','912436109', 0,'336604097');
INSERT INTO Utilizador VALUES ('guilherminasafreitas@hotmail.com','Guilhermina Sá Freitas','1999/10/17','Porto','Rua Santa Catarina','Porto','13389721','Feminino','931409809', 0,'312293085');
INSERT INTO Utilizador VALUES ('manuelantunes@hotmail.com','Manuel Antunes','1980/03/25','Porto','Rua de Bom Jardim','Paredes','35376115','Masculino','961296438', 0,'941336871');
INSERT INTO Utilizador VALUES ('margarida1freitas@sapo.pt','Margarida Freitas','1988/04/27','Braga','Rua da Misericórdia','Vila Verde','22583954','Feminino','911123412', 0,'805194843');
INSERT INTO Utilizador VALUES ('pedrofrazao@iol.pt','Pedro Frazão','1988/08/10','Braga','Rua da Igreja','Póvoa de Lanhoso','66755315','Masculino','932456123', 0,'840302748');
INSERT INTO Utilizador VALUES ('menezesaurora@hotmail.com','Aurora Menezes','1957/11/11','Porto','Rua Padre Américo','Penafiel','18082725','Feminino','912401967', 0,'926991034');
INSERT INTO Utilizador VALUES ('sonia_araujo_25@gmail.com','Sónia Araújo','1992/09/25','Viana do Castelo','Praça da República','Caminha','51794325','Feminino','912300098', 0,'561104814');
INSERT INTO Utilizador VALUES ('joanapereirinha@hotmail.com','Joana Pereira','2003/05/05','Viana do Castelo','Rua das Barcas','Ponte da Barca','69315615','Feminino','914443215', 0,'429975467');
INSERT INTO Utilizador VALUES ('antoniomoreira48@hotmail.com','António Moreira','1958/12/12','Braga','Rua São João de Deus','Vila Nova de Famalicão','95413251','Masculino','931122334', 0,'303215910');
INSERT INTO Utilizador VALUES ('ameliacarmelia@gmail.com','Amélia Carmélia','1968/01/31','Braga','Rua São Marcos','Felgueiras','57638288','Feminino','918908907', 0,'652471303');
INSERT INTO Utilizador VALUES ('amelianacarmo@hotmail.com','Ameliana Carmo','1962/06/21','Braga','Avenida Central','Braga','57613216','Feminino','913453458', 0,'419992055');
INSERT INTO Utilizador VALUES ('joanavaz@gmail.com','Joana Vaz','1997/10/19','Braga','Rua da Porta Nova','Braga','15263787','Feminino','912396748', 0,'878063378');
INSERT INTO Utilizador VALUES ('felisbertocastro@hotmail.com','Felisberto Castro','1994/06/21','Braga','Rua Cândido dos Reis','Barcelos','83927153','Masculino','912398654', 0,'384325654');
INSERT INTO Utilizador VALUES ('marianasantos@gmail.com','Mariana Santos','1992/10/29','Braga','Rua da Senhorinha','Cabeceiras de Basto','1514132','Feminino','912312764', 0,'999361101');
INSERT INTO Utilizador VALUES ('catiazinhavilar@gmail.com','Cátia Vilar','1987/10/09','Bragança','Rua Almirante Reis','Bragança','1923754','Feminino','912985411', 0,'514542519');
INSERT INTO Utilizador VALUES ('eduardalongras@hotmail.com','Eduarda Longras','1965/04/09','Bragança','Rua da Fonte','Vinhais','1239842','Feminino','933332343', 0,'980972498');
INSERT INTO Utilizador VALUES ('verinhacarvalho@gmail.com','Vera Carvalho','1975/02/14','Bragança','Rua Caminho de Ginço','Macedo de Cavaleiros','1872635','Feminino','912312341', 0,'168901881');
INSERT INTO Utilizador VALUES ('justinanazario@hotmail.com','Justina Nazário','1979/01/14','Vila Real','Rua da Bouça da Raposa','Vila Real','1354236','Feminino','922314528', 0,'106396122');
INSERT INTO Utilizador VALUES ('silviamatos58@hotmail.com','Silvia Matos','1958/06/24','Vila Real','Rua de Valbom','Mirandela','1445512','Feminino','912095473', 0,'240895021');
INSERT INTO Utilizador VALUES ('laura.matos@gmail.com','Laura Matos','1989/08/29','Vila Real','Rua Comendador Alfredo Álvares','Mondim de Basto','2396795','Feminino','913452367', 0,'952950240');
INSERT INTO Utilizador VALUES ('armando_dinis@gmail.com','Armando Dinis','1979/03/09','Viana do Castelo','Rua de Valença','Valença','2312456','Masculino','912345890', 0,'584036351');
INSERT INTO Utilizador VALUES ('carvalhoclaudio@sapo.pt','Cláudio Carvalho','1982/11/15','Aveiro','Rua da Ribeira','Aveiro','1283924','Masculino','913332221', 0,'963700498');
INSERT INTO Utilizador VALUES ('henriqueferr@sapo.pt','Henrique Ferreira','1997/10/17','Aveiro','Travessa Visconde','São João da Madeira','1112349','Masculino','93949512', 0,'024344899');
INSERT INTO Utilizador VALUES ('leonelcosta24@hotmail.com','Leonel Costa','1980/01/25','Aveiro','Travessa Visconde','Albergaria-A-Velha','3124572','Masculino','931213141', 0,'455728561');
INSERT INTO Utilizador VALUES ('romeupereira@hotmail.com','Romeu Pereira','1989/09/01','Viseu','Rua das Cameiras','Lamego','4127823','Masculino','923242521', 0,'938185882');
INSERT INTO Utilizador VALUES ('joaopaulosilva@gmail.com','João Paulo Silva','1999/12/21','Viseu','Rua Nunes de Carvalho','Viseu','1235553','Masculino','912156545', 0, '573317976');
INSERT INTO Utilizador VALUES ('filipe_freitas@gmail.com','Filipe Freitas','1998/02/13','Viseu','Rua Doutor Oliveira Serrão','Sernancelhe','1452511','Masculino','939323490', 0,'365254552');
INSERT INTO Utilizador VALUES ('marcosoliveira12@gmail.com','Marcos Oliveira','2002/04/12','Guarda','Rua do Hospital','Covilhã','2341234','Masculino','919123123', 0, '658526272');
INSERT INTO Utilizador VALUES ('celiarodrigues@hotmail.com','Célia Rodrigues','1959/03/01','Guarda','Avenida da República','Trancoso','1112878','Feminino','929391234', 0, '529076536');
INSERT INTO Utilizador VALUES ('cristinarodrigues@hotmail.com','Cristina Rodrigues','1979/05/11','Castelo Branco','Travessa de Santana','Vila Velha de Rodão','1231111','Feminino','912312399', 0, '408677838');
INSERT INTO Utilizador VALUES ('evamorais@gmail.com','Eva Morais','1967/08/14','Coimbra','Avenida de Coimbra','Coimbra','7642312','Feminino','912223123', 0, '877607765');
INSERT INTO Utilizador VALUES ('liliana12freitas@gmail.com','Liliana Freitas','1996/11/30','Coimbra','Rua da Ribeira','Lousã','1239555','Feminino','913454562', 0, '344877213');
INSERT INTO Utilizador VALUES ('loidesilva@gmail.com','Loide Silva','1956/01/31','Coimbra','Rua São Lourenço','Penela','1451231','Masculino','965676132', 0, '130362050');
INSERT INTO Utilizador VALUES ('anabelacarvalho@sapo.pt','Anabela Carvalho','1971/02/01','Leiria','Rua Vieira de Leiria','Marinha Grande','4523412','Feminino','968743123', 0, '367306629');
INSERT INTO Utilizador VALUES ('salomeMartins@gmail.com','Salomé Martins','1982/09/20','Leiria','Rua São Francisco','Leiria','8976123','Feminino','967687621', 0, '400140959');
INSERT INTO Utilizador VALUES ('estefaniabustabad@gmail.com','Estefânia Bustabad','1952/10/22','Leiria','Travessa da Nazaré','Nazaré','7523142','Feminino','967213321', 0, '716965281');
INSERT INTO Utilizador VALUES ('carlosbartolo@sapo.pt','Carlos Bártolo','1949/07/02','Santarém','Rua Doutor Egas Moniz','Tomar','4617182','Masculino','965689123', 0, '691168087');
INSERT INTO Utilizador VALUES ('lucindapacheco@iol.pt','Lucinda Pacheco','1960/09/14','Santarém','Rua Cinco de Outubro','Almeirim','9087625','Feminino','934212345', 0, '019433462');
INSERT INTO Utilizador VALUES ('florbelateixeira@gmail.com','Florbela Teixeira','1971/09/09','Lisboa','Rua Santo António de Lisboa','Amadora','5261372','Feminino','969998731', 0, '145870521');
INSERT INTO Utilizador VALUES ('alexandraleite@hotmail.com','Alexandra Leite','1999/06/27','Lisboa','Rua de Loures','Loures','1231231','Feminino','911111123', 0, '461905457');
INSERT INTO Utilizador VALUES ('vieira-margarida@outlook.com','Margarida Vieira','1978/03/29','Lisboa','Rua do Alcaide','Cascais','5463728','Feminino','917283413', 0, '429321092');
INSERT INTO Utilizador VALUES ('teresavilela@outlook.com','Teresa Vilela','1989/02/15','Lisboa','Avenida do Cristo Rei','Almada','1000892','Feminino','912312341', 0, '042863340');
INSERT INTO Utilizador VALUES ('ritinhanovais@sapo.pt','Rita Novais ','1989/08/12','Portalegre','Rua da Mouraria','Portalegre','1324521','Feminino','912222213', 0, '912752581');
INSERT INTO Utilizador VALUES ('josemiguelribeiro@outlook.com','José Miguel Ribeiro','1970/05/26','Portalegre','Rua de Baixo','Marvão','9862713','Masculino','969897111', 0, '611468549');
INSERT INTO Utilizador VALUES ('marisasousa@gmail.com','Marisa João Sousa','1977/09/01','Portalegre','Rua João António Gordo','Castelo de Vide','1357986','Feminino','919293949', 0, '302676317');
INSERT INTO Utilizador VALUES ('rafaelalves@outlook.com','Rafaela Alves','1987/01/03','Évora','Rua Dom Afonso III','Estremoz','4442123','Feminino','919299542', 0, '330363485');
INSERT INTO Utilizador VALUES ('carlasousa@gmail.com','Carla Sousa','1988/09/01','Évora','Rua Direita','Redondo','1288763','Feminino','917364521', 0, '450754884');
INSERT INTO Utilizador VALUES ('marcoantonio@hotmail.com','Marco António','1967/05/11','Setúbal','Rua do Convento','Setúbal','7863524','Masculino','969213425', 0, '126301068');
INSERT INTO Utilizador VALUES ('ritadiana@gmail.com','Rita Diana','1987/01/31','Setúbal','Rua do Zimbro','Tróia','1562731','Feminino','911213145', 0, '799808135');
INSERT INTO Utilizador VALUES ('andreiapereira@gmail.com','Andreia Pereira','1993/10/11','Setúbal','Rua dos Ciprestes','Alcácer do Sal','6725132','Feminino','916273123', 0, '000134229');
INSERT INTO Utilizador VALUES ('gracindamatias@outlook.com','Gracinda Matias','1965/04/21','Beja','Rua da Casa Pia','Ferreira do Alentejo','1452314','Feminino','967623142', 0, '406744137');
INSERT INTO Utilizador VALUES ('anapenso@gmail.com','Ana Penso','1990/12/12','Beja','Rua de Arouche','Moura','3421231','Feminino','934212387', 0, '386452775');
INSERT INTO Utilizador VALUES ('emiliaribeiro@gmail.com','Emília Ribeiro','1970/11/29','Faro','Rua João de Deus','Faro','4512738','Feminino','939281723', 0, '845149090');
INSERT INTO Utilizador VALUES ('fatinhaferreira@hotmail.com','Fátima Ferreira','1978/10/23','Faro','Rua 8 de Maio','Loulé','9725162','Feminino','967676212', 0, '448536372');
INSERT INTO Utilizador VALUES ('joaoricardo@gmail.com','João Ricardo','1995/04/22','Faro','Rua da Liberdade','Olhão','1425361','Masculino','912776542', 0, '597265896');
INSERT INTO Utilizador VALUES ('josepereira@hotmail.com','José Pereira','1998/12/22','Angra do Heroísmo','Rua Canada das Almas','Angra do Heroísmo','7621321','Masculino','912132123', 0, '669292013');
INSERT INTO Utilizador VALUES ('arturlemos@gmail.com','Artur Lemos','1960/06/28','Angra do Heroísmo','Travessa do Falcão','Vila São Sebastião','3421231','Masculino','934212387', 0, '068512227');
INSERT INTO Utilizador VALUES ('soniaribeiro@gmail.com','Sónia Ribeiro','1998/01/04','Funchal','Travessa de São Martinho','Funchal','1444231','Feminino','962713281', 0, '761812660');
INSERT INTO Utilizador VALUES ('rosamarinho@outlook.com','Rosa Marinho','1992/03/29','Funchal','Rua Semião Pestana','Porto Santo','1887231','Feminino','912367751', 0, '445141402');
INSERT INTO Utilizador VALUES ('alicinhanovais@iol.pt','Alice Novais','1963/01/07','Horta','Rua Advogado Graça','Horta','1666523','Feminino','915263123', 0, '342440289');
INSERT INTO Utilizador VALUES ('guilhermenovais@gmail.com','Guilherme Novais','1981/05/05','Horta','Rua da Igreja','Ribeirinha','1426162','Masculino','967852613', 0, '938681311');
INSERT INTO Utilizador VALUES ('flaviacarminho@gmail.com','Flávia Carminho','1970/07/02','Ponta Delgada','Avenida Antero Quental','Ponta Delgada','1452132','Feminino','919777213', 0, '860592136');
INSERT INTO Utilizador VALUES ('gabrielamoreira@iol.pt','Gabriela Moreira','1984/09/21','Lisboa','Rua Castelinhos','Lisboa','1728352','Feminino','962415236', 0, '554264811');
INSERT INTO Utilizador VALUES('f7carolina.cunha@gmail.com','Carolina Cunha','1999/04/13','Braga','Rua de Teibães','Fafe','14744712','Feminino','915293785',0,'249705672');

-- Canis
INSERT INTO Canil VALUES('joaodiogomota12@gmail.com','001000003960114000128','Canil do João',20,100,'Porto','Rua da Padaria, Lousada','Lousada','251123152','Aceite',0);
INSERT INTO Canil VALUES ('associacao.aaav@gmail.com','001000003960114000128','Associação dos Amigos dos Animais',50,200,'Aveiro','Rua do Brejo - São Marcos 3850', 'Albergaria-A-Velha', 'N/A', 'Aceite', 0);
INSERT INTO Canil VALUES ('quatropatasefocinhos@gmail.com','003300004548044209005','Quatro Patas e Focinhos',40,150,'Aveiro','Pussos', 'Mealhada', '918570448', 'Aceite', 0);
INSERT INTO Canil VALUES ('streetdogs@outlook.pt','002300004544552141194','StreetDogs',100,300,'Braga','Rua do Queimado','Barcelos','N/A','Aceite', 0);
INSERT INTO Canil VALUES ('associacaoamica@hotmail.com','004522164027154963919', 'Associação Amicus Canis',120,200,'Bragança', 'Alameda de Santa Apolónia 253, 5300-252 Bragança', 'Santa Apolónia' ,'926708103', 'Rejeitado', 0);
INSERT INTO Canil VALUES ('apaae@apaae.pt','N/A', 'APAAE', 40,150, 'Castelo Branco', 'Rua Dr. João Frade Correia', 'Castelo Branco', '963667892', 'Aceite', 0);
INSERT INTO Canil VALUES ('gadaffassociacao@gmail.com', '001000005346315000151', 'Associação Gadaff', 60,100, 'Coimbra', 'Broeiras, Figueira da Foz', 'Figueira da Foz', '912409823', 'Pendente', 0);
INSERT INTO Canil VALUES ('geral@afamafaial.org', '001800080617255402014', 'Associação Faialense dos Amigos dos Animais', 70,100, 'Açores', 'Canada dos Arrendamentos','Faial', '926374477', 'Aceite', 0);
INSERT INTO Canil VALUES ('aaparc@hotmail.com', '004510904027009161388', 'Associação dos Amigos e Protectores dos Animais em Risco de Cinfães', 36,60, 'Viseu', 'R MAJOR MONTEIRO LEITE 39, 4690-042','Cinfães', 'N/A', 'Aceite', 0);
INSERT INTO Canil VALUES ('pproanimal@gmail.com', '001000004814325000121', 'Plataforma Proanimal', 29,60, 'Vila Real', ' R. Dom Pedro de Castro, Vila Real','Vila Real', '910600404', 'Aceite', 0);
INSERT INTO Canil VALUES ('rafeiroscompanhia@sapo.pt', '003300004542571236205', 'Rafeiros e Companhia', 52,74, 'Viana do Castelo', ' Monção, Viana do Castelo','Monção', '969179738', 'Aceite', 0);
INSERT INTO Canil VALUES ('focinhos@live.com.pt', '004560204023925818957', 'Focinhos', 58,68, 'Setúbal', ' Beco de São Miguel, Alcácer do Sal, 7580-219','Alcácer do Sal', 'N/A', 'Aceite', 0);
INSERT INTO Canil VALUES ('adaca@sapo.pt', '003507000000605213075', 'Associação Defesa dos Animais do Concelho de Abrantes', 58,68, 'Santarém', 'R. das Comissões 21-23','Abrantes', '968386916', 'Aceite', 0);
INSERT INTO Canil VALUES ('info@madeiraanimalwelfare.org', 'N/A', 'Associação AMAW', 25,50, 'Madeira', 'Rua Cidade de Oakland, Funchal','Funchal', '966295555', 'Aceite', 0);
INSERT INTO Canil VALUES ('geral@associacaocaoviver.org', '003504290005282393016', 'Cãoviver', 76,104, 'Porto', ' R. Central do Sobreiro, 4470-372 Maia','Maia', 'N/A', 'Pendente', 0);
INSERT INTO Canil VALUES ('amigos.da.bicharada@gmail.com', '004602422549310010652', 'Amigos da Bicharada', 30,40, 'Portalegre', 'AV DA PIEDADE8,7350-094','Elvas', 'N/A', 'Aceite', 0);
INSERT INTO Canil VALUES ('apacanimaiscadaval@gmail.com', '003501800001528253087', 'Associação Protectora de Animais do Cadaval', 111,152, 'Lisboa', 'Rua Padre José Inácio Pereira ','Cadaval', '927295099', 'Aceite', 0);
INSERT INTO Canil VALUES ('apamg.geral@gmail.com', '003300004527819243405', 'Associação Protectora Animais Marinha Grande', 87,113, 'Leiria', 'Rua Machado Santos, n.21','Marinha Grande', '919737733', 'Aceite', 0);
INSERT INTO Canil VALUES ('acasota@gmail.com', '003503600004042373017', 'A Casota', 74,97, 'Guarda', 'Rua Dr Lopo de Carvalho nº37 6300-700 ','Guarda', '967243606', 'Aceite', 0);
INSERT INTO Canil VALUES ('associacaoguadi@gmail.com', '003502340000669213002', 'Associação Guadi', 70,90, 'Faro', 'Rua D. Pedro V, nº 38, 2º 8900 - 283','Vila Real de Santo António', '927167755', 'Aceite', 0);
INSERT INTO Canil VALUES ('pata.ativa.associacao@gmail.com', '004570124028115653408', 'Pata Ativa', 83,92, 'Faro', 'Beco da Felosa, Albufeira','Albufeira', '912538744', 'Aceite', 0);
INSERT INTO Canil VALUES ('cat.cantinhodosanimais@gmail.com', '003502970006941573012', 'Cantinho dos Animais', 115,135, 'Évora', 'Cantinho dos Animais, Évora','Évora', '964648988', 'Aceite', 0);

-- Voluntários
INSERT INTO Voluntarios VALUES ('associacao.aaav@gmail.com','gabrielamoreira@iol.pt');
INSERT INTO Voluntarios VALUES ('associacao.aaav@gmail.com','alicinhanovais@iol.pt');
INSERT INTO Voluntarios VALUES ('associacao.aaav@gmail.com','soniaribeiro@gmail.com');
INSERT INTO Voluntarios VALUES ('quatropatasefocinhos@gmail.com','joaoricardo@gmail.com');
INSERT INTO Voluntarios VALUES ('quatropatasefocinhos@gmail.com','guilhermenovais@gmail.com');
INSERT INTO Voluntarios VALUES ('geral@afamafaial.org','marisasousa@gmail.com');
INSERT INTO Voluntarios VALUES ('geral@afamafaial.org','ritadiana@gmail.com');
INSERT INTO Voluntarios VALUES ('pata.ativa.associacao@gmail.com','josepereira@hotmail.com');
INSERT INTO Voluntarios VALUES ('pata.ativa.associacao@gmail.com','rosamarinho@outlook.com');
INSERT INTO Voluntarios VALUES ('focinhos@live.com.pt','flaviacarminho@gmail.com');
INSERT INTO Voluntarios VALUES ('streetdogs@outlook.pt','emiliaribeiro@gmail.com');
INSERT INTO Voluntarios VALUES ('streetdogs@outlook.pt','andreiapereira@gmail.com');
INSERT INTO Voluntarios VALUES ('apaae@apaae.pt','marianasantos@gmail.com');
INSERT INTO Voluntarios VALUES ('apaae@apaae.pt','evamorais@gmail.com');
INSERT INTO Voluntarios VALUES ('gadaffassociacao@gmail.com','teresavilela@outlook.com');
INSERT INTO Voluntarios VALUES ('gadaffassociacao@gmail.com', 'arturlemos@gmail.com');
INSERT INTO Voluntarios VALUES ('cat.cantinhodosanimais@gmail.com', 'carlosbartolo@sapo.pt');
INSERT INTO Voluntarios VALUES ('associacaoguadi@gmail.com', 'fatinhaferreira@hotmail.com');

-- Parceria
INSERT INTO Parceria VALUES(1, 'Clínica Veterinária Planeta Animal', 'https://www.planetaanimal.pt', 'https://www.asuaclinica.pt/wp-content/sabai/File/files/l_4b9badb1ef6d0aacefb7fdf2aaa7b9a2.png');
INSERT INTO Parceria VALUES(2, 'Clínica Veterinária de Albergaria', 'https://clinicaveterinariaalbergaria.pt' ,'https://clinicaveterinariaalbergaria.pt/wp-content/uploads/2019/09/vetalbergaria_marca.png');
INSERT INTO Parceria VALUES(3, 'Clínica Veterinária VetAmigo', 'http://www.vetamigo.com', 'https://centrostalento.pt/wp-content/uploads/vetamigo.jpg');
INSERT INTO Parceria VALUES(4, 'Hospital Veterinário do Baixo Vouga','http://www.onevetgroup.pt/hvbv/','https://www.onevetgroup.pt/media/119340/hvbv-720x149.png?mode=max&amp;width=720&amp;height=405');
INSERT INTO Parceria VALUES(5, 'Policlínica Veterinária de Aveiro', 'http://www.onevetgroup.pt/pvaveiro/','https://www.onevetgroup.pt/media/118237/policlinica-aveiro.png?mode=max&amp;width=720&amp;height=405');
INSERT INTO Parceria VALUES(6, 'Junta de Freguesia de Albergaria-A-Velha', 'https://www.jf-albergaria.pt', 'http://www.areacelular.pt/fotos_1/albergaria.jpg');
INSERT INTO Parceria VALUES(7, 'Câmara Municipal de Albergaria-A-Velha', 'https://www.cm-albergaria.pt', 'https://albacowork.pt/_files/200000036-e4f84e4f87/450/CMAAV.png');
INSERT INTO Parceria VALUES(8, 'Clínica Veterinária de Pedrinhas','https://clinicaveterinariadaspedrinhas.negocio.site', 'https://2.bp.blogspot.com/-9NCrwZwPcco/VJNxNanuvbI/AAAAAAAAFgk/n6-rd0D5UPU/s320/clinica%2Bdas%2Bpedrinhas.jpg');
INSERT INTO Parceria VALUES(9, 'Esfera Design','http://www.esfera.pt', 'https://2.bp.blogspot.com/-ltn98Aw-15I/UwZ55Yp-xsI/AAAAAAAAD0M/X9A_2rgwi5k/s1600/logo+esfera.png');
INSERT INTO Parceria VALUES(10, 'Centro Veterinário de Vilarinho', 'https://www.facebook.com/CentroVeterinarioDeVilarinho', 'https://petlaces.com/cropped/IMG34087dbaa447493fb756f930319b5423_750x500.jpg');
INSERT INTO Parceria VALUES(11, 'Best Choice Lodging', 'https://www.bestchoicelodging.com', 'https://uppa.pt/wp-content/uploads/2019/03/Best-Choice-Lodging.jpg');
INSERT INTO Parceria VALUES(12, 'Alves Bandeira','https://www.alvesbandeira.pt/rede-de-postos/', 'https://autolook.pt/wp-content/uploads/2019/05/Alves-Bandeira-Logo-300x200.png');
INSERT INTO Parceria VALUES(13, 'SOMAQ', 'https://www.facebook.com/somaq.guilhermerololda', 'https://4.bp.blogspot.com/-3U7HwmVSmho/Ua-kgqHSCvI/AAAAAAAACK0/sxqV2-t9WQ8/s320/somaq+pequeno.jpg');
INSERT INTO Parceria VALUES(14, 'VetOlival', 'https://www.facebook.com/centroveterinarioolival/', 'https://www.streetdogspt.com/img/vetolival.jpg');
INSERT INTO Parceria VALUES(15, 'WisePets', 'https://www.facebook.com/wisepetsportugal/','https://scontent.fopo2-1.fna.fbcdn.net/v/t1.0-9/36818920_1286679321465497_9200198957421035520_o.jpg?_nc_cat=102&_nc_sid=09cbfe&_nc_ohc=eNiLsDpIVUYAX8okV4L&_nc_ht=scontent.fopo2-1.fna&oh=6335f8de52359a88e7628f52cd8ca670&oe=5F25BABA');
INSERT INTO Parceria VALUES(16, 'Mia Bigodes', 'https://miabigodes.com','https://pro2-bar-s3-cdn-cf6.myportfolio.com/6b38b14a-9390-41ea-98ea-c57425e373bb/aa37201f-3ad2-4447-abf8-a11526d24e16_rwc_0x0x447x129x4096.png?h=21e3abd112d1e6dfbc3332f01b4654c5');
INSERT INTO Parceria VALUES(17, 'Fiona & Lucifera', 'https://www.facebook.com/fionalucifera/', 'https://scontent.fopo2-1.fna.fbcdn.net/v/t1.0-9/81924768_1386552338192645_6637095962751795200_n.jpg?_nc_cat=101&_nc_sid=09cbfe&_nc_ohc=r5iMVrq87y4AX8iiFXJ&_nc_ht=scontent.fopo2-1.fna&oh=d40f22ab3361a17f59cf636677bf84b5&oe=5F2519E0');
INSERT INTO Parceria VALUES(18, 'Animalife','https://animalife.pt/pt/home', 'https://upload.wikimedia.org/wikipedia/commons/1/1f/Coração_Animalife_Roxo.png');
INSERT INTO Parceria VALUES(19, 'OrniEx', 'http://www.orniex.com', 'http://www.apk.pt/wp-content/uploads/2018/06/logorniex.jpg');
INSERT INTO Parceria VALUES(20, 'Farmácia Ayres Pinheiro', 'https://www.facebook.com/farmaciaayrespinheiro', 'https://scontent.fopo2-1.fna.fbcdn.net/v/t1.0-9/70104780_2905615579513567_8848258196041629696_o.png?_nc_cat=111&_nc_sid=85a577&_nc_ohc=A3NBc42PBPQAX_33haI&_nc_ht=scontent.fopo2-1.fna&oh=e391f00dc405c783a725895d87edaeb1&oe=5ED91028');
INSERT INTO Parceria VALUES(21, 'GO Gym Lisa Medeiros','https://www.facebook.com/GO-Gym-Lisa-Medeiros-420714301416696/','https://scontent.fopo2-1.fna.fbcdn.net/v/t31.0-8/10928909_420714378083355_8659079041190972321_o.jpg?_nc_cat=105&_nc_sid=85a577&_nc_ohc=08Gp5yA07mEAX-H4sh-&_nc_ht=scontent.fopo2-1.fna&oh=9bd9ffab3c8413d2db7649e5cab19834&oe=5EDB0CAA');
INSERT INTO Parceria VALUES(22, 'Azul Pastel','http://www.loftsazulpastel.pt','https://azoreanrooms.com/wp-content/uploads/2018/04/12801129_192042014500279_3447199156715151020_n-1.jpg');
INSERT INTO Parceria VALUES(23, 'Val Vet', 'https://www.facebook.com/Valvet-Centro-Veterinário-da-Ilha-do-Faial-131539476862366/' ,'https://scontent.fopo2-1.fna.fbcdn.net/v/t1.0-9/18033578_1704644679551830_7141788561539390528_n.png?_nc_cat=105&_nc_sid=85a577&_nc_ohc=_fv2d95pSZYAX9xVtPN&_nc_ht=scontent.fopo2-1.fna&oh=7e3a9ab8b37c0c7bc7c5831b7b5d9a55&oe=5EDC7D87');
INSERT INTO Parceria VALUES(24, 'Espaço X', 'http://www.espacox.com', 'https://scontent.fopo2-1.fna.fbcdn.net/v/t1.0-9/67735738_2504080166290165_2347403938858270720_o.png?_nc_cat=101&_nc_sid=85a577&_nc_ohc=a9g5b6yinkUAX9cqJxf&_nc_ht=scontent.fopo2-1.fna&oh=aaa27dbe579de8084f538be508584655&oe=5EDB2652');
INSERT INTO Parceria VALUES(25, 'Oh My Dog', 'https://www.facebook.com/Ohmydog.face/', 'https://scontent.fopo2-1.fna.fbcdn.net/v/t1.0-9/17457642_1444311232267647_5933040043777457405_n.png?_nc_cat=105&_nc_sid=85a577&_nc_ohc=fuBx8p-7ZSsAX9TdZJc&_nc_ht=scontent.fopo2-1.fna&oh=062b2112c2707e67b7439fd755b98b6e&oe=5EDB8550');
INSERT INTO Parceria VALUES(26, 'Husse', 'https://portugal.husse.com', 'https://pbs.twimg.com/profile_images/547004873/Husse_Cat_Dog_logo_no_line.jpg');
INSERT INTO Parceria VALUES(27, 'Reino Animal', 'http://reinoanimal.pt', 'http://reinoanimal.pt/static/imgs/logo.png');
INSERT INTO Parceria VALUES(28, 'Nutridente', 'http://www.nutridente.pt', 'http://www.nutridente.pt/images/nutrilogo.png');
INSERT INTO Parceria VALUES(29, 'Ótica das Figueiras', 'https://www.opticafigueiras.pt', 'https://www.opticafigueiras.pt/img/0581/157.png');
INSERT INTO Parceria VALUES(30, 'Monte dos Animais', 'https://montedosanimais.pt', 'https://scontent.fopo2-1.fna.fbcdn.net/v/t1.0-9/14344889_10154492029313774_563802644034171479_n.jpg?_nc_cat=101&_nc_sid=e007fa&_nc_ohc=Msi4Kx_O534AX_a9ILj&_nc_ht=scontent.fopo2-1.fna&oh=5136e4d20d5a9f3c54ac6f8f1f49a7d1&oe=5ED96009');
INSERT INTO Parceria VALUES(31, 'Hospital Veterinário Muralha de Évora', 'https://www.hvetmuralha.pt', 'https://www.hvetmuralha.pt/wp-content/uploads/2013/10/logo_hvme.png');
INSERT INTO Parceria VALUES(32, 'Hangar Criativo', 'http://hangarcriativo.pt', 'https://scontent.fopo2-2.fna.fbcdn.net/v/t31.0-8/12247679_10153697011138774_7940628829604190743_o.jpg?_nc_cat=107&_nc_sid=e007fa&_nc_ohc=CugsLzQ_8uUAX88pZ6U&_nc_ht=scontent.fopo2-2.fna&oh=eb79c4464d502cde8babc28ccb813041&oe=5ED90995');
INSERT INTO Parceria VALUES(33, 'Herdade da Amendoeira', 'http://www.herdadeamendoeira.com', 'https://lh3.googleusercontent.com/proxy/O1-WbPNq6p95AwPLiKI6-FIry7pcrQzTTvz1TWrYv8U5WVBwdgec-1lWRlTi3vRVJZ3NUskg-5r0xAAC90UP3a2uw_HZnf_hrXrHDxI');
INSERT INTO Parceria VALUES(34, 'LuXury Fitness Boutique', 'https://www.facebook.com/luxuryfitnessboutique/', 'https://scontent.fopo2-2.fna.fbcdn.net/v/t1.0-9/79165364_749982565498032_6804942614664577024_n.png?_nc_cat=108&_nc_sid=85a577&_nc_ohc=u6YBkiTa2kEAX9_U3sM&_nc_ht=scontent.fopo2-2.fna&oh=509efa59b91969c792e71aa37e648575&oe=5ED9817E');
INSERT INTO Parceria VALUES(35, 'Alfarroba Café', 'https://www.alfarrobacafe.com', 'https://scontent.fopo2-1.fna.fbcdn.net/v/t1.0-9/46722188_550339222058731_8348571130910474240_n.jpg?_nc_cat=109&_nc_sid=85a577&_nc_ohc=Si7pCPeA-KcAX_llUqN&_nc_ht=scontent.fopo2-1.fna&oh=170a721beafb4ea57718b7d18563e273&oe=5ED90057');
INSERT INTO Parceria VALUES(36, 'Feel Saúde', 'https://www.facebook.com/clinicafeelsaude/', 'https://scontent.fopo2-2.fna.fbcdn.net/v/t31.0-8/15723335_1825108284370345_8427239383828669893_o.png?_nc_cat=108&_nc_sid=7aed08&_nc_ohc=TaYVUaaQ6wsAX8GIwEK&_nc_ht=scontent.fopo2-2.fna&oh=27b4a44f1a33c7e2cbd103006dae1b66&oe=5ED907D1');
INSERT INTO Parceria VALUES(37, 'U-Dance', 'https://www.facebook.com/U.Dance.Pt', 'https://scontent.fopo2-2.fna.fbcdn.net/v/t1.0-9/10392553_493143250828518_1058586618322788632_n.png?_nc_cat=107&_nc_sid=85a577&_nc_ohc=cjrfTKwjCO8AX-PSuMP&_nc_ht=scontent.fopo2-2.fna&oh=a86e396ddab5b5950335872356362cfb&oe=5EDBB901');
INSERT INTO Parceria VALUES(38, 'Naturallife', 'https://www.facebook.com/naturallifesaudeebemestar/', 'https://scontent.fopo2-2.fna.fbcdn.net/v/t1.0-9/27540768_148077719243510_6640449335277335174_n.png?_nc_cat=100&_nc_sid=85a577&_nc_ohc=zCPvdozdykkAX8pniFD&_nc_ht=scontent.fopo2-2.fna&oh=5dfea230f1c5e8b033006c63b68d730f&oe=5EDB56C8');
INSERT INTO Parceria VALUES(39, 'Algarvet', 'https://centro-veterinario-dos-olhos-de.negocio.site', 'https://lh3.googleusercontent.com/7ax8-XJ_18BrcjwYNlb2x0RW6J-oCl7FnjxZ3LwvB1EVh1IsHrTrqe3FjrGCV8eI1RNqtidJOYoeb3IC=w768-h768-n-o-v1');
INSERT INTO Parceria VALUES(40, 'Clínica Medicalvet','https://www.facebook.com/Clinicavetcovilha/', 'https://1.bp.blogspot.com/-KuS2uRugH5c/UTkj-DmxfjI/AAAAAAAAC0U/aGyQ2w06DeQ/s1600/medicalvet.png');
INSERT INTO Parceria VALUES(41, 'Comunilog', 'https://www.comunilog.com', 'https://1.bp.blogspot.com/-omDbLFSdwWw/URb7MeyvpgI/AAAAAAAACrw/lWxmNsGZ6Sw/s1600/logo.png');
INSERT INTO Parceria VALUES(42, 'Companhia de 4 Patas', 'https://companhiade4patas.pt', 'https://companhiade4patas.pt/wp-content/uploads/2018/10/logotipo-companhia-de-4-patas-e1546902081492.png');
INSERT INTO Parceria VALUES(43, 'Agro Viseu', 'http://www.agroviseu.pt', 'https://scontent.fopo2-2.fna.fbcdn.net/v/t1.0-9/295985_244930798896358_1464405672_n.jpg?_nc_cat=100&_nc_sid=85a577&_nc_ohc=Z3_pvpdvwC0AX8lBLsL&_nc_ht=scontent.fopo2-2.fna&oh=72d732030af82db60fe233a51e85e91d&oe=5EDCCE60');
INSERT INTO Parceria VALUES(44, 'Terezel', 'https://www.facebook.com/Terezel.MonteGordo/', 'https://scontent.fopo2-1.fna.fbcdn.net/v/t1.0-9/72357561_116874809721944_4600215840111984640_n.jpg?_nc_cat=105&_nc_sid=85a577&_nc_ohc=BFYLl29BwFoAX_cANTu&_nc_ht=scontent.fopo2-1.fna&oh=564bac200f2973c388db159d46cd781d&oe=5EDD0BE7');
INSERT INTO Parceria VALUES(45, 'The Blue Parrot', 'https://www.facebook.com/pages/category/Bar---Grill/The-Blue-Parrot-301791583364281/', 'https://scontent.fopo2-2.fna.fbcdn.net/v/t1.0-9/13606954_495042137372557_3074238100660652659_n.jpg?_nc_cat=108&_nc_sid=85a577&_nc_ohc=ybYDxq2EhMkAX9ekrxR&_nc_ht=scontent.fopo2-2.fna&oh=6b7c132c157e2954c9e1dd507b03614e&oe=5EDC47DA');
INSERT INTO Parceria VALUES(46, 'VillaPet', 'https://www.facebook.com/VillapetHospitalVeterinario/', 'https://scontent.fopo2-2.fna.fbcdn.net/v/t1.0-9/34017460_1946558178708911_5008794773310406656_o.jpg?_nc_cat=110&_nc_sid=85a577&_nc_ohc=8YtATx5gNNAAX_oWESa&_nc_ht=scontent.fopo2-2.fna&oh=5de50664159a4d171b39b1ecc8673b28&oe=5EDB93CA');
INSERT INTO Parceria VALUES(47, 'Clínica Veterinária', 'https://www.facebook.com/ConsultorioVeterinarioDraElisabetePacoSantos', 'https://scontent.fopo2-2.fna.fbcdn.net/v/t1.0-9/29314491_1360390394062811_1357371066112016384_o.jpg?_nc_cat=106&_nc_sid=85a577&_nc_ohc=YDTPuwEj8CsAX9Ivcx0&_nc_ht=scontent.fopo2-2.fna&oh=b62b3083ae8e689f8a3ace687ee5ceda&oe=5EDCDC1B');
INSERT INTO Parceria VALUES(48, 'Portal Key Store', 'https://www.facebook.com/portalkeystore/', 'https://scontent.fopo2-2.fna.fbcdn.net/v/t31.0-8/15626042_1358325690885906_872043284464213097_o.png?_nc_cat=106&_nc_sid=85a577&_nc_ohc=f6hxLJodOsYAX-klNCD&_nc_ht=scontent.fopo2-2.fna&oh=9f2972f320cd4a0ff3f1e2fe404c7099&oe=5EDB563F');
INSERT INTO Parceria VALUES(49, 'Continente', 'https://www.continente.pt', 'https://upload.wikimedia.org/wikipedia/commons/9/9d/Logocontinente.jpg');
INSERT INTO Parceria VALUES(50, 'Jumbo', 'https://www.auchan.pt/Frontoffice/', 'https://www.labpaisagem.pt/wp-content/uploads/2017/03/jumbo-logo.png');
INSERT INTO Parceria VALUES(51, 'UTAD Hospital Veterinário', 'https://www.utad.pt/hvutad/', 'https://www.agroportal.pt/wp-content/uploads/UTAD-1.png');
INSERT INTO Parceria VALUES(52, 'bleam', 'https://www.bleam.pt','https://www.bleam.pt/wp-content/uploads/2019/01/Bleam_Logo-01.png');

-- Canil_has_Parceria
INSERT INTO Canil_has_Parceria VALUES ('associacao.aaav@gmail.com',1);
INSERT INTO Canil_has_Parceria VALUES ('associacao.aaav@gmail.com',2);
INSERT INTO Canil_has_Parceria VALUES ('associacao.aaav@gmail.com',3);
INSERT INTO Canil_has_Parceria VALUES ('associacao.aaav@gmail.com',4);
INSERT INTO Canil_has_Parceria VALUES ('associacao.aaav@gmail.com',5);
INSERT INTO Canil_has_Parceria VALUES ('associacao.aaav@gmail.com',6);
INSERT INTO Canil_has_Parceria VALUES ('associacao.aaav@gmail.com',7);
INSERT INTO Canil_has_Parceria VALUES ('quatropatasefocinhos@gmail.com',8);
INSERT INTO Canil_has_Parceria VALUES ('quatropatasefocinhos@gmail.com',9);
INSERT INTO Canil_has_Parceria VALUES ('quatropatasefocinhos@gmail.com',10);
INSERT INTO Canil_has_Parceria VALUES ('quatropatasefocinhos@gmail.com',11);
INSERT INTO Canil_has_Parceria VALUES ('quatropatasefocinhos@gmail.com',12);
INSERT INTO Canil_has_Parceria VALUES ('quatropatasefocinhos@gmail.com',13);
INSERT INTO Canil_has_Parceria VALUES ('streetdogs@outlook.pt',14);
INSERT INTO Canil_has_Parceria VALUES ('streetdogs@outlook.pt',15);
INSERT INTO Canil_has_Parceria VALUES ('streetdogs@outlook.pt',16);
INSERT INTO Canil_has_Parceria VALUES ('streetdogs@outlook.pt',17);
INSERT INTO Canil_has_Parceria VALUES ('streetdogs@outlook.pt',18);
INSERT INTO Canil_has_Parceria VALUES ('streetdogs@outlook.pt',19);
INSERT INTO Canil_has_Parceria VALUES ('geral@afamafaial.org',20);
INSERT INTO Canil_has_Parceria VALUES ('geral@afamafaial.org',21);
INSERT INTO Canil_has_Parceria VALUES ('geral@afamafaial.org',22);
INSERT INTO Canil_has_Parceria VALUES ('geral@afamafaial.org',23);
INSERT INTO Canil_has_Parceria VALUES ('geral@afamafaial.org',24);
INSERT INTO Canil_has_Parceria VALUES ('geral@associacaocaoviver.org', 25);
INSERT INTO Canil_has_Parceria VALUES ('geral@associacaocaoviver.org', 26);
INSERT INTO Canil_has_Parceria VALUES ('cat.cantinhodosanimais@gmail.com', 27);
INSERT INTO Canil_has_Parceria VALUES ('cat.cantinhodosanimais@gmail.com', 28);
INSERT INTO Canil_has_Parceria VALUES ('cat.cantinhodosanimais@gmail.com', 29);
INSERT INTO Canil_has_Parceria VALUES ('cat.cantinhodosanimais@gmail.com', 30);
INSERT INTO Canil_has_Parceria VALUES ('cat.cantinhodosanimais@gmail.com', 31);
INSERT INTO Canil_has_Parceria VALUES ('cat.cantinhodosanimais@gmail.com', 32);
INSERT INTO Canil_has_Parceria VALUES ('cat.cantinhodosanimais@gmail.com', 33);
INSERT INTO Canil_has_Parceria VALUES ('pata.ativa.associacao@gmail.com', 34);
INSERT INTO Canil_has_Parceria VALUES ('pata.ativa.associacao@gmail.com', 35);
INSERT INTO Canil_has_Parceria VALUES ('pata.ativa.associacao@gmail.com', 36);
INSERT INTO Canil_has_Parceria VALUES ('pata.ativa.associacao@gmail.com', 37);
INSERT INTO Canil_has_Parceria VALUES ('pata.ativa.associacao@gmail.com', 38);
INSERT INTO Canil_has_Parceria VALUES ('pata.ativa.associacao@gmail.com', 39);
INSERT INTO Canil_has_Parceria VALUES ('acasota@gmail.com', 40);
INSERT INTO Canil_has_Parceria VALUES ('acasota@gmail.com', 41);
INSERT INTO Canil_has_Parceria VALUES ('acasota@gmail.com', 26);
INSERT INTO Canil_has_Parceria VALUES ('acasota@gmail.com', 42);
INSERT INTO Canil_has_Parceria VALUES ('acasota@gmail.com', 43);
INSERT INTO Canil_has_Parceria VALUES ('associacaoguadi@gmail.com',44);
INSERT INTO Canil_has_Parceria VALUES ('associacaoguadi@gmail.com',45);
INSERT INTO Canil_has_Parceria VALUES ('associacaoguadi@gmail.com',46);
INSERT INTO Canil_has_Parceria VALUES ('associacaoguadi@gmail.com',47);
INSERT INTO Canil_has_Parceria VALUES ('associacaoguadi@gmail.com',48);
INSERT INTO Canil_has_Parceria VALUES ('pproanimal@gmail.com', 49);
INSERT INTO Canil_has_Parceria VALUES ('pproanimal@gmail.com', 50);
INSERT INTO Canil_has_Parceria VALUES ('pproanimal@gmail.com', 51);
INSERT INTO Canil_has_Parceria VALUES ('pproanimal@gmail.com', 52);

-- Donativos
INSERT INTO Donativos VALUES(1,'streetdogs@outlook.pt','marquinhos_silva@sapo.pt',150,'2018/10/14', NULL);
INSERT INTO Donativos VALUES(2,'streetdogs@outlook.pt','manuel_francisco@gmail.com',10,'2020/03/02',NULL);
INSERT INTO Donativos VALUES(3,'quatropatasefocinhos@gmail.com','rodolfina.ol@gmail.com',200,'2018/04/01',NULL);
INSERT INTO Donativos VALUES(4,'streetdogs@outlook.pt','marquinhos_silva@sapo.pt',150,'2018/12/14',NULL);
INSERT INTO Donativos VALUES(5,'associacao.aaav@gmail.com','manuel_francisco@gmail.com',10,'2020/03/02',NULL);
INSERT INTO Donativos VALUES(6,'quatropatasefocinhos@gmail.com','rodolfina.ol@gmail.com',200,'2018/04/01',NULL);
INSERT INTO Donativos VALUES(7,'apaae@apaae.pt','pedrofrazao@iol.pt',450,'2018/11/14',NULL);
INSERT INTO Donativos VALUES(8,'streetdogs@outlook.pt','manuelantunes@hotmail.com',200,'2020/03/02',NULL);
INSERT INTO Donativos VALUES(9,'apaae@apaae.pt','catiazinhavilar@gmail.com',100,'2018/04/01',NULL);
INSERT INTO Donativos VALUES (10,'adaca@sapo.pt','rodolfina.ol@gmail.com',20,'2020/02/12',NULL);
INSERT INTO Donativos VALUES (11,'adaca@sapo.pt','rodolfina.ol@gmail.com',10,'2020/03/12',NULL);
INSERT INTO Donativos VALUES (12,'pata.ativa.associacao@gmail.com','emiliaribeiro@gmail.com',35,'2020/03/22',NULL);
INSERT INTO Donativos VALUES (13,'pata.ativa.associacao@gmail.com','joaoricardo@gmail.com',20,'2020/01/06',NULL);
INSERT INTO Donativos VALUES (14,'associacao.aaav@gmail.com','carvalhoclaudio@sapo.pt',15,'2020/01/04',NULL);
INSERT INTO Donativos VALUES (15,'quatropatasefocinhos@gmail.com','carvalhoclaudio@sapo.pt',15,'2020/01/04',NULL);
INSERT INTO Donativos VALUES (16,'streetdogs@outlook.pt','carvalhoclaudio@sapo.pt',15,'2020/01/04',NULL);
INSERT INTO Donativos VALUES (17,'streetdogs@outlook.pt','amelianacarmo@hotmail.com',5,'2020/02/19',NULL);
INSERT INTO Donativos VALUES (18,'streetdogs@outlook.pt','amelianacarmo@hotmail.com',15,'2020/03/19',NULL);
INSERT INTO Donativos VALUES (19,'streetdogs@outlook.pt','manuel_francisco@gmail.com',30,'2020/05/01',NULL);
INSERT INTO Donativos VALUES (20,'streetdogs@outlook.pt','margarida1freitas@sapo.pt',15,'2020/01/30',NULL);
INSERT INTO Donativos VALUES (21,'focinhos@live.com.pt','ritadiana@gmail.com',10,'2020/04/13',NULL);
INSERT INTO Donativos VALUES (22,'geral@associacaocaoviver.org','menezesaurora@hotmail.com',25,'2020/02/13',NULL);
INSERT INTO Donativos VALUES (23,'geral@associacaocaoviver.org','menezesaurora@hotmail.com',25,'2020/05/03',NULL);
INSERT INTO Donativos VALUES (24, 'streetdogs@outlook.pt', 'rodolfina.ol@gmail.com', 45, '2018/12/01',NULL);
INSERT INTO Donativos VALUES (25, 'streetdogs@outlook.pt', 'sofiaferreira@gmail.com', 100, '2019/01/25',NULL);
INSERT INTO Donativos VALUES (26, 'associacaoguadi@gmail.com', 'diasnuno@hotmail.com', 110, '2019/02/14',NULL);
INSERT INTO Donativos VALUES (27, 'associacaoguadi@gmail.com', 'sofiaferreira@gmail.com', 20, '2019/02/25',NULL);
INSERT INTO Donativos VALUES (28, 'pata.ativa.associacao@gmail.com', 'cristinapinheiro1@hotmail.com', 50, '2019/04/13',NULL);
INSERT INTO Donativos VALUES (29, 'pata.ativa.associacao@gmail.com', 'miquelinamaria@hotmail.com', 15, '2019/04/29',NULL);
INSERT INTO Donativos VALUES (30, 'acasota@gmail.com', 'josejoaquim@gmail.com', 5, '2019/06/03',NULL);
INSERT INTO Donativos VALUES (31, 'acasota@gmail.com', 'guilherminasafreitas@hotmail.com', 5, '2019/08/03',NULL);
INSERT INTO Donativos VALUES (32, 'cat.cantinhodosanimais@gmail.com ', 'guilherminasafreitas@hotmail.com', 5, '2019/08/03',NULL);
INSERT INTO Donativos VALUES (33, 'cat.cantinhodosanimais@gmail.com ', 'sonia_araujo_25@gmail.com', 30, '2019/08/15',NULL);
INSERT INTO Donativos VALUES (34, 'associacaoguadi@gmail.com', 'sonia_araujo_25@gmail.com', 30, '2019/08/15',NULL);
INSERT INTO Donativos VALUES (35, 'geral@afamafaial.org', 'joanapereirinha@hotmail.com', 20, '2019/08/20',NULL);
INSERT INTO Donativos VALUES (36, 'geral@afamafaial.org', 'antoniomoreira48@hotmail.com', 20, '2019/10/15',NULL);
INSERT INTO Donativos VALUES (37, 'pproanimal@gmail.com', 'ameliacarmelia@gmail.com', 5, '2019/10/30',NULL);
INSERT INTO Donativos VALUES (38, 'adaca@sapo.pt', 'joanavaz@gmail.com', 15, '2019/11/12',NULL);
INSERT INTO Donativos VALUES (39, 'adaca@sapo.pt', 'joanavaz@gmail.com', 15, '2018/11/12',NULL);
INSERT INTO Donativos VALUES (40, 'rafeiroscompanhia@sapo.pt', 'felisbertocastro@hotmail.com', 25, '2019/12/24',NULL);
INSERT INTO Donativos VALUES (41, 'rafeiroscompanhia@sapo.pt', 'marianasantos@gmail.com', 35, '2018/04/14',NULL);
INSERT INTO Donativos VALUES (42, 'cat.cantinhodosanimais@gmail.com', 'eduardalongras@hotmail.com', 70, '2018/12/17',NULL);
INSERT INTO Donativos VALUES (43, 'geral@afamafaial.org', 'marisasousa@gmail.com', 20, '2018/06/03',NULL);
INSERT INTO Donativos VALUES (44, 'geral@afamafaial.org', 'carlasousa@gmail.com', 50, '2018/10/15',NULL);
INSERT INTO Donativos VALUES (45, 'pproanimal@gmail.com', 'ameliacarmelia@gmail.com', 5, '2018/08/30',NULL);
INSERT INTO Donativos VALUES (46, 'adaca@sapo.pt', 'marcoantonio@hotmail.com', 15, '2018/10/12',NULL);
INSERT INTO Donativos VALUES (47, 'adaca@sapo.pt', 'gracindamatias@outlook.com', 55, '2018/09/11',NULL);
INSERT INTO Donativos VALUES (48, 'rafeiroscompanhia@sapo.pt', 'josepereira@hotmail.com', 14, '2018/07/12',NULL);
INSERT INTO Donativos VALUES (49, 'rafeiroscompanhia@sapo.pt', 'rosamarinho@outlook.com', 22, '2018/09/22',NULL);
INSERT INTO Donativos VALUES (50, 'cat.cantinhodosanimais@gmail.com', 'alicinhanovais@iol.pt', 80, '2018/06/17',NULL);

-- Cão

INSERT INTO Cao VALUES (1,'Pastel','Macho','Energético, dócil, fiel. Adora brincar e de companhia','Por Adotar','Sem Raça Definida','Branco',4,'Sim','Médio','focinhos@live.com.pt');
INSERT INTO Cao VALUES (2,'Rafa','Macho','Muito amigável e adora brincar. Adora comer fruta','Por Adotar','Sem Raça Definida','Creme',3,'Não','Médio','associacao.aaav@gmail.com');
INSERT INTO Cao VALUES (3,'Boris','Macho','Muito energético, brincalhão e meigo','Por Adotar','Labrador Retriever','Creme',1,'Sim','Médio','associacao.aaav@gmail.com');
INSERT INTO Cao VALUES (4,'Bucky','Macho','Não é dado a afetos e é independente, com sentidos fracos devido à idade e dificuldades motoras','Por Adotar' ,'Sem Raça Definida','Branco, Castanho, Preto',16,'Não','Pequeno','streetdogs@outlook.pt');
INSERT INTO Cao VALUES (5,'Poti','Macho','Protetor e fiel','Por Adotar','São Bernardo','Castanho, Branco, Preto',9,'Não','Grande','streetdogs@outlook.pt');
INSERT INTO Cao VALUES (6,'Puscas','Macho','Protetor, meigo, carente de mimo e companhia','Por Adotar','Serra da Estrela','Castanho',7,'Não','Grande','streetdogs@outlook.pt');
INSERT INTO Cao VALUES (7,'Rex','Macho',NULL,'Por Adotar','Labrador Retriever','Creme',13,'Sim','Médio','geral@afamafaial.org');
INSERT INTO Cao VALUES (8,'Lassie','Fêmea',NULL,'Por Adotar','Yorkshire Terrier','Dourado, Cinzento',2,'Sim','Pequeno','geral@afamafaial.org');
INSERT INTO Cao VALUES (9,'Cookie','Macho','Adora fazer companhia e brincar','Por Adotar','Yorkshire Terrier','Dourado, Cinzento',7,'Sim','Pequeno','geral@afamafaial.org');
INSERT INTO Cao VALUES (10,'Tay','Macho','Muito energético e leal. Com necessidade de muito carinho e paciência.','Por Adotar','Sem Raça Definida','Castanho',8,'Não','Pequeno','adaca@sapo.pt');
INSERT INTO Cao VALUES (11,'Rubi','Macho','Extremamente amigável com humanos e outros animais','Por Adotar','Serra da Estrela','Castanho',7,'Não','Grande','geral@associacaocaoviver.org');
INSERT INTO Cao VALUES (12,'Pó de Arroz','Macho',NULL,'Por Adotar','Weimaraner','Cinzento',5,'Sim','Grande','adaca@sapo.pt');
INSERT INTO Cao VALUES (13,'Minnie', 'Fêmea', 'Cachorro de 5 meses, com muita energia.','Por Adotar','Pastor Alemão', 'Castanho, Preto',0,'Não','Grande','acasota@gmail.com');
INSERT INTO Cao VALUES (14,'Maxi','Macho',NULL, 'Por Adotar', 'Beagle','Castanho, Branco, Preto',2,'Sim','Pequeno','associacaoguadi@gmail.com');
INSERT INTO Cao VALUES (15,'Black', 'Fêmea', 'Muito beijoqueira e dorminhoca', 'Por Adotar', 'Teckel', 'Castanho, Preto',8,'Não','Pequeno','streetdogs@outlook.pt');
INSERT INTO Cao VALUES (16,'Broa de Mel','Macho',NULL, 'Por Adotar','Teckel','Castanho, Preto', 4, 'Sim','Pequeno','geral@associacaocaoviver.org');
INSERT INTO Cao VALUES (17,'Enzo','Macho','Brincalhão e meigo','Por Adotar','Bulldog Francês','Preto',2,'Não','Pequeno', 'pproanimal@gmail.com');
INSERT INTO Cao VALUES (18,'Kika','Fêmea',NULL, 'Por Adotar','Beagle', 'Castanho, Branco, Preto',2,'Sim','Pequeno','apaae@apaae.pt');
INSERT INTO Cao VALUES (19,'SimbA','Macho',NULL,'Por Adotar','Sem Raça Definida','Castanho',2,'Sim','Pequeno','acasota@gmail.com');
INSERT INTO Cao VALUES (20,'Maya','Fêmea',NULL,'Por Adotar','Samoiedo','Branco',4,'Não','Médio','pata.ativa.associacao@gmail.com');
INSERT INTO Cao VALUES (21,'Nina', 'Fêmea', 'Ótima companhia,adora os seus peluches, muito meiga e alegre', 'Por Adotar','Golden Retriever','Dourado',7,'Não','Médio','quatropatasefocinhos@gmail.com');
INSERT INTO Cao VALUES (22,'Leite Creme', 'Macho', 'Cachorro de 3 meses', 'Por Adotar', 'Sem Raça Definida', 'Castanho, Branco', 0, 'Não', 'Médio','pproanimal@gmail.com');
INSERT INTO Cao VALUES (23,'Bolt', 'Macho', 'Cachorro de 3 meses','Por Adotar','Sem Raça Definida','Preto',0,'Não','Médio','pproanimal@gmail.com');
INSERT INTO Cao VALUES (24, 'Milka', 'Fêmea', 'Muito dócil e alegre', 'Por Adotar','Husky','Branco',5,'Sim','Médio','apacanimaiscadaval@gmail.com');
INSERT INTO Cao VALUES (25, 'Junior', 'Macho', 'Calmo e meigo, mas também muito traquina', 'Por Adotar', 'Sem Raça Definida','Branco, Castanho',12,'Não','Pequeno','acasota@gmail.com');
INSERT INTO Cao VALUES (26, 'Martini', 'Macho', 'Está sempre pronto a brincar','Por Adotar','Labrador Retriever','Castanho',2,'Não','Médio','acasota@gmail.com');
INSERT INTO Cao VALUES (27, 'Princesa', 'Fêmea', 'Extremamente meiga e amigável, adora comer maçãs','Por Adotar', 'Dogue Alemão','Preto',1,'Não','Grande','pata.ativa.associacao@gmail.com');
INSERT INTO Cao VALUES (28, 'Cherry', 'Fêmea', 'Extremamente meiga. Cachorro de 4 meses','Por Adotar', 'Dogue Alemão','Preto',0,'Não','Grande','pproanimal@gmail.com');
INSERT INTO Cao VALUES (29, 'Rudi', 'Macho', 'Protetor, mas dócil. Adora brincar e fazer companhia', 'Por Adotar','Serra da Estrela', 'Castanho',4,'Não','Grande','geral@associacaocaoviver.org');
INSERT INTO Cao VALUES (30, 'Runa', 'Fêmea','Muito meiga, adora dar beijinhos e é muito alegre', 'Por Adotar', 'Serra da Estrela', 'Castanho, Preto', 5, 'Sim','Grande','apacanimaiscadaval@gmail.com');
INSERT INTO Cao VALUES (31, 'Gorbi','Macho','Muito calmo e meigo', 'Por Adotar', 'Serra da Estrela', 'Castanho, Preto',13, 'Não','Grande','pproanimal@gmail.com');
INSERT INTO Cao VALUES (32, 'Nikita','Fêmea','Muito inteligente e meiga','Por Adotar','Serra da Estrela','Castanho, Preto',7,'Não','Grande','apaae@apaae.pt');
INSERT INTO Cao VALUES (33, 'Zuki','Macho','Calmo, educado e adora brincar','Por Adotar','Serra da Estrela','Castanho',2,'Não','Grande','focinhos@live.com.pt');
INSERT INTO Cao VALUES (34, 'Pterion','Macho',NULL, 'Por Adotar','Pastor Alemão','Castanho,Preto',9,'Não', 'Grande','adaca@sapo.pt');
INSERT INTO Cao VALUES (35, 'Violeta', 'Fêmea', 'Brincalhona com um apetite maior que o seu tamanho', 'Por Adotar','Yorkshire Terrier','Preto',7,'Não', 'Pequeno','streetdogs@outlook.pt');
INSERT INTO Cao VALUES (36, 'Eva', 'Fêmea', NULL, 'Por Adotar', 'Sem Raça Definida','Branco',7,'Não','Pequeno', 'adaca@sapo.pt');
INSERT INTO Cao VALUES (37, 'Lua', 'Fêmea','Muito energética e sempre com disposição para brincar', 'Por Adotar','Rotweiller', 'Castanho, Preto',2,'Sim','Pequeno','acasota@gmail.com');
INSERT INTO Cao VALUES (38, 'Lex', 'Macho','Adora brincar, comer e dormir','Por Adotar','Labrador Retriever','Creme',1,'Sim','Médio','streetdogs@outlook.pt');
INSERT INTO Cao VALUES (39, 'Pantera', 'Macho','Dorminhoco e brincalhão','Por Adotar','Labrador Retriever','Preto',3,'Sim','Médio','streetdogs@outlook.pt');
INSERT INTO Cao VALUES (40, 'Tico', 'Macho','Dorminhoco e brincalhão','Por Adotar','Pinscher','Castanho',4,'Sim','Pequeno','streetdogs@outlook.pt');
INSERT INTO Cao VALUES (41, 'Kiko', 'Macho',NULL, 'Por Adotar','Tibetan Spaniel','Castanho',5,'Não','Pequeno','adaca@sapo.pt'); 
INSERT INTO Cao VALUES (42, 'Mel', 'Fêmea',NULL, 'Por Adotar','Pastor Alemão','Castanho, Preto',7,'Não','Grande','adaca@sapo.pt'); 
INSERT INTO Cao VALUES (43, 'Simba', 'Macho','Molenga, detesta banhos mas adora fazer chop chop na água','Por Adotar','Labrador Retriever','Creme',11,'Não','Médio','adaca@sapo.pt');
INSERT INTO Cao VALUES (44, 'Zuri', 'Macho','Extremamente mimalho e inteligente e tem um fetiche pelo ecoponto dos plásticos ','Por Adotar','Serra da Estrela','Castanho, Preto',9,'Não','Grande','adaca@sapo.pt');
INSERT INTO Cao VALUES (45, 'Snoopy','Macho',NULL, 'Por Adotar','Sem Raça Definida','Creme',2,'Não','Pequeno','acasota@gmail.com');
INSERT INTO Cao VALUES (46, 'Vitória','Fêmea',NULL, 'Por Adotar', 'Golden Retriever','Creme',10,'Não','Médio','streetdogs@outlook.pt');
INSERT INTO Cao VALUES (47, 'Kiki','Fêmea',NULL,'Por Adotar','Sem Raça Definida','Castanho',8,'Não','Pequeno','streetdogs@outlook.pt');
INSERT INTO Cao VALUES (48, 'Pepe','Macho','Cachorro de 6 meses','Por Adotar','Bulldog Francês','Castanho',0,'Não','Pequeno','adaca@sapo.pt');
INSERT INTO Cao VALUES (49, 'Penny','Fêmea',NULL,'Por Adotar','Cocker Spaniel','Castanho',3,'Sim','Médio','adaca@sapo.pt');
INSERT INTO Cao VALUES (50, 'Barney','Macho',NULL,'Por Adotar','Golden Retriever','Creme',3,'Sim','Médio','adaca@sapo.pt');
INSERT INTO Cao VALUES (51, 'Pena','Fêmea','Cachorro com 1 mês.','Por Adotar','Cocker Spaniel','Castanho',0,'Não','Médio','streetdogs@outlook.pt');
INSERT INTO Cao VALUES (52, 'Pepa','Fêmea',NULL,'Por Adotar','Cocker Spaniel','Castanho',2,'Sim','Médio','streetdogs@outlook.pt');

-- Fotografia
INSERT INTO Fotografia VALUES(1,'Pastel.jpg',1);
INSERT INTO Fotografia VALUES(2,'Rafa.png',2);
INSERT INTO Fotografia VALUES(3,'Boris.jpg',3);
INSERT INTO Fotografia VALUES(4,'Bucky.png',4);
INSERT INTO Fotografia VALUES(5,'Poti.png',5);
INSERT INTO Fotografia VALUES(6,'Puscas.jpg',6);
INSERT INTO Fotografia VALUES(7,'Rex.jpg',7);
INSERT INTO Fotografia VALUES(8,'Lassie.jpg',8);
INSERT INTO Fotografia VALUES(9,'Cookie.jpg',9);
INSERT INTO Fotografia VALUES(10,'Tay.png',10);
INSERT INTO Fotografia VALUES(11,'Rubi.jpg',11);
INSERT INTO Fotografia VALUES(12,'PoArroz.png',12);
INSERT INTO Fotografia VALUES(13,'Minnie.jpg',13);
INSERT INTO Fotografia VALUES(14,'Maxi.png',14);
INSERT INTO Fotografia VALUES(15,'Black.png',15);
INSERT INTO Fotografia VALUES(16,'BroaMel.png',16);
INSERT INTO Fotografia VALUES(17,'Enzo.jpg',17);
INSERT INTO Fotografia VALUES(18,'Kika.png',18);
INSERT INTO Fotografia VALUES(19,'simba.jpg',19);
INSERT INTO Fotografia VALUES(20,'Maya.png',20);
INSERT INTO Fotografia VALUES(21,'Nina.png',21);
INSERT INTO Fotografia VALUES(22,'LeiteCreme.png',22);
INSERT INTO Fotografia VALUES(23,'Bolt.png',23);
INSERT INTO Fotografia VALUES(24,'Milka.jpg',24);
INSERT INTO Fotografia VALUES(25,'Junior.jpg',25);
INSERT INTO Fotografia VALUES(26,'Martini.jpg',26);
INSERT INTO Fotografia VALUES(27,'Princesa.jpg',27);
INSERT INTO Fotografia VALUES(28,'Cherry.jpg',28);
INSERT INTO Fotografia VALUES(29,'Rudi.jpg',29);
INSERT INTO Fotografia VALUES(30,'Runa.jpg',30);
INSERT INTO Fotografia VALUES(31,'Gorbi.jpg',31);
INSERT INTO Fotografia VALUES(32,'Nikita.jpg',32);
INSERT INTO Fotografia VALUES(33,'Zuki.jpg', 33);
INSERT INTO Fotografia VALUES(34,'Pterion.jpg',34);
INSERT INTO Fotografia VALUES(35, 'Violeta.png',35);
INSERT INTO Fotografia VALUES(36, 'Eva.png',36);
INSERT INTO Fotografia VALUES(37, 'Lua.png', 37);
INSERT INTO Fotografia VALUES(38, 'Lex.jpg', 38);
INSERT INTO Fotografia VALUES(39, 'Pantera.png', 39);
INSERT INTO Fotografia VALUES(40, 'Tico.png', 40);
INSERT INTO Fotografia VALUES(41, 'Kiko.png', 41);
INSERT INTO Fotografia VALUES(42, 'Mel.png', 42);
INSERT INTO Fotografia VALUES(43, 'Simba.png', 43);
INSERT INTO Fotografia VALUES(44, 'Zuri.png', 44);
INSERT INTO Fotografia VALUES(45,'Snoopy.png',45);
INSERT INTO Fotografia VALUES(46,'Vitoria.jpg',46);
INSERT INTO Fotografia VALUES(47,'Kiki.png',47);
INSERT INTO Fotografia VALUES(48,'Pepe.jpg',48);
INSERT INTO Fotografia VALUES(49,'Penny.png',49);
INSERT INTO Fotografia VALUES(50,'Barney.png',50);
INSERT INTO Fotografia VALUES(51,'Pena.png',51);
INSERT INTO Fotografia VALUES(52,'Pepa.jpg',52);

-- Favoritos
INSERT INTO Favoritos VALUES(2,'carlasousa@gmail.com');
INSERT INTO Favoritos VALUES(6,'carlasousa@gmail.com');
INSERT INTO Favoritos VALUES(21,'carlasousa@gmail.com');

-- Adoção
INSERT INTO Adocao VALUES (1,'2019/12/03','Aceite',3,'É própria','Não',NULL,'Acompanhará a família','Própria','Jardim','Moradia','Guarda','leonelcosta24@hotmail.com','Sim','Não');
INSERT INTO Adocao VALUES (2,'2020/04/03','Aceite',6,'É própria','Não','Gato','Ficará com familiares/amigos','Própria','Jardim','Vivenda','Companhia','josejoaquim@gmail.com','Sim','Sim');
INSERT INTO Adocao VALUES (3,'2020/02/23','Aceite',9,'É própria','Não','Cão Labrador Retriever','Ficará com familiares/amigos','Própria','Jardim','Vivenda','Companhia','arturlemos@gmail.com','Sim','Sim');
INSERT INTO Adocao VALUES (4,'2020/04/14','Aceite',10,'Sim','Não',NULL,'Ficará com familiares/amigos','Alugada','Varanda','Apartamento','Companhia','lucindapacheco@iol.pt','Sim','Não');
INSERT INTO Adocao VALUES (5,'2020/01/31','Pendente',2,'É própria','Não',NULL,'Acompanhará a família','Própria','Jardim','Vivenda','Companhia','henriqueferr@sapo.pt','Sim','Não');
INSERT INTO Adocao VALUES (6,'2018/02/04','Expirado',12,'Sim','Nao','cão, gato','Ficará num hotel','Própria','Jardim','Moradia','Companhia','josemiguelribeiro@outlook.com','Sim','Sim');
INSERT INTO Adocao VALUES (7,'2017/10/06','Recusado',7,'Sim','Nao','cão','Acompanhará a família','Arrendada','Jardim','Apartamento','Companhia','fatinhaferreira@hotmail.com','Sim','Sim');
INSERT INTO Adocao VALUES (8,'2019/04/01','Recusado',11,'Sim','Nao','piriquito','Ficará com familiares/amigos','Própria','Jardim','Vivenda','Companhia','gabrielamoreira@iol.pt','Sim','Sim');
INSERT INTO Adocao VALUES (9,'2019/04/01','Aceite',11,'Sim','Nao','cão','Ficará com familiares/amigos','Própria','Jardim','Vivenda','Companhia','carlasousa@gmail.com','Sim','Sim');
INSERT INTO Adocao VALUES(10,'2020/05/31','Pendente', 4, 'Sim','Nao','cão','Ficará com familiares/amigos','Própria','Jardim','Vivenda','Companhia','carlasousa@gmail.com','Sim','Sim');

-- Sugestões
INSERT INTO Sugestoes VALUES(1,'Fátima Ferreira', 'fatinhaferreira@hotmail.com', 'Quero fazer um donativo','Boa tarde. Na tentativa de realizar um donativo, este não me foi permitido. Agradecia esclarecimento. Fátima', 'Lida','2020/05/05','Enviada');
INSERT INTO Sugestoes VALUES(2,'Célia Rodrigues', 'celiarodrigues@hotmail.com', 'Quero voluntariar-me para um canil', 'Bom dia. Não estou a conseguir voluntariar-me no canil StreetDogs.', 'Não Lida','2020/01/01','Enviada' );
INSERT INTO Sugestoes VALUES(3,'José Ribeiro', 'josemiguelribeiro@outlook.com', 'Outro', 'Bom dia. Encontro-me com problemas na procura de cães por raça. José Ribeiro', 'Não Lida', '2020/05/01' ,'Enviada');
INSERT INTO Sugestoes VALUES(4,'Leonel Costa', 'leonelcosta24@hotmail.com', 'Cuidados com o cão que adotei', 'Boa Tarde, o cão que adotei na passada terça-feira encontra-se desde então a vomitar. Ele encontrava-se sobre algum cuidado especial?', 'Lida', '2019/12/05','Enviada');
INSERT INTO Sugestoes VALUES(5,'Romeu Pereira', 'romeupereira@hotmail.com', 'Quero fazer um donativo','Boa tarde. Como devo proceder à doação de bens?', 'Não Lida','2020/02/18','Enviada');
INSERT INTO Sugestoes VALUES(6,'Margarida Vieira', 'vieira-margarida@outlook.com', 'Quero voluntariar-me para um canil', 'Bom dia. Não estou a conseguir voluntariar-me no canil StreetDogs.', 'Não Lida', '2020/01/02' ,'Enviada');
INSERT INTO Sugestoes VALUES(7,'Sofia Ferreira', 'sofiaferreira@gmail.com', 'Outro', 'Bom dia. Qual o critério para aceitação de registos de adoção?', 'Não Lida', '2020/05/08' ,'Enviada');
INSERT INTO Sugestoes VALUES(8,'Eva Morais', 'evamorais@gmail.com', 'Quero atualizar os meus dados pessoais', 'Boa Noite, gostaria de alterar o meu e-mail com a qual me registei nesta plataforma. Seria possível? Obrigada, Eva.', 'Lida', '2019/04/12','Enviada');
INSERT INTO Sugestoes VALUES(9,'Fátima Ferreira', 'fatinhaferreira@hotmail.com', 'Quero fazer um donativo','Boa tarde, Fátima. Verifique se foi introduzido o IBAN correto. A equipa, CãoGest.', 'Enviada','2020/05/05','Não Lida');
INSERT INTO Sugestoes VALUES(10,'Leonel Costa', 'leonelcosta24@hotmail.com', 'Cuidados com o cão que adotei', 'Boa Tarde, Leonel. Deve entrar em contacto com o canil onde adotou o cão assim que possível. Considere também levá-lo ao veterinário. A equipa, CãoGest.', 'Enviada', '2019/12/05','Não Lida');
INSERT INTO Sugestoes VALUES(11,'Eva Morais', 'evamorais@gmail.com', 'Quero atualizar os meus dados pessoais', 'Bom dia, Eva. Não é permitida a alteração do endereço de email com o qual se registou. A equipa, CãoGest.', 'Enviada', '2019/04/12','Não Lida');

-- Horários
INSERT INTO Horario VALUES('2020/05/12 9:00:00', '2020/05/12 17:00:00', 7,0, 1, 'associacao.aaav@gmail.com');
INSERT INTO Horario VALUES('2020/05/12 9:00:00', '2020/05/12 17:00:00', 7,0, 2, 'associacao.aaav@gmail.com');
INSERT INTO Horario VALUES('2020/05/12 9:00:00', '2020/05/12 17:00:00', 7,0, 3, 'associacao.aaav@gmail.com');
INSERT INTO Horario VALUES('2020/05/12 9:00:00', '2020/05/12 17:00:00', 7,0, 4, 'associacao.aaav@gmail.com');
INSERT INTO Horario VALUES('2020/05/12 9:00:00', '2020/05/12 17:00:00', 7,0, 5, 'associacao.aaav@gmail.com');
INSERT INTO Horario VALUES('2020/05/12 9:00:00', '2020/05/12 15:00:00', 7,0, 6, 'associacao.aaav@gmail.com');
INSERT INTO Horario VALUES('2020/05/12 9:00:00', '2020/05/12 13:00:00', 7,0, 7, 'associacao.aaav@gmail.com');
INSERT INTO Horario VALUES('2020/05/12 9:00:00', '2020/05/12 17:00:00', 7,0, 1, 'quatropatasefocinhos@gmail.com');
INSERT INTO Horario VALUES('2020/05/12 9:00:00', '2020/05/12 17:00:00', 7,0, 2, 'quatropatasefocinhos@gmail.com');
INSERT INTO Horario VALUES('2020/05/12 9:00:00', '2020/05/12 17:00:00', 7,0, 3, 'quatropatasefocinhos@gmail.com');
INSERT INTO Horario VALUES('2020/05/12 9:00:00', '2020/05/12 17:00:00', 7,0, 4, 'quatropatasefocinhos@gmail.com');
INSERT INTO Horario VALUES('2020/05/12 9:00:00', '2020/05/12 17:00:00', 7,0, 5, 'quatropatasefocinhos@gmail.com');
INSERT INTO Horario VALUES('2020/05/12 9:00:00', '2020/05/12 15:00:00', 7,0, 6, 'quatropatasefocinhos@gmail.com');
INSERT INTO Horario VALUES('2020/05/12 9:00:00', '2020/05/12 13:00:00', 7,0, 7, 'quatropatasefocinhos@gmail.com');
INSERT INTO Horario VALUES('2020/05/12 9:00:00', '2020/05/12 17:00:00', 7,0, 1, 'streetdogs@outlook.pt');
INSERT INTO Horario VALUES('2020/05/12 9:00:00', '2020/05/12 17:00:00', 7,0, 2, 'streetdogs@outlook.pt');
INSERT INTO Horario VALUES('2020/05/12 9:00:00', '2020/05/12 17:00:00', 7,0, 3, 'streetdogs@outlook.pt');
INSERT INTO Horario VALUES('2020/05/12 9:00:00', '2020/05/12 17:00:00', 7,0, 4, 'streetdogs@outlook.pt');
INSERT INTO Horario VALUES('2020/05/12 9:00:00', '2020/05/12 17:00:00', 7,0, 5, 'streetdogs@outlook.pt');
INSERT INTO Horario VALUES('2020/05/12 9:00:00', '2020/05/12 15:00:00', 7,0, 6, 'streetdogs@outlook.pt');
INSERT INTO Horario VALUES('2020/05/12 9:00:00', '2020/05/12 13:00:00', 7,0, 7, 'streetdogs@outlook.pt');
INSERT INTO Horario VALUES('2020/05/12 9:00:00', '2020/05/12 17:00:00', 7,0, 1, 'associacaoamica@hotmail.com');
INSERT INTO Horario VALUES('2020/05/12 9:00:00', '2020/05/12 17:00:00', 7,0, 2, 'associacaoamica@hotmail.com');
INSERT INTO Horario VALUES('2020/05/12 9:00:00', '2020/05/12 17:00:00', 7,0, 3, 'associacaoamica@hotmail.com');
INSERT INTO Horario VALUES('2020/05/12 9:00:00', '2020/05/12 17:00:00', 7,0, 4, 'associacaoamica@hotmail.com');
INSERT INTO Horario VALUES('2020/05/12 9:00:00', '2020/05/12 17:00:00', 7,0, 5, 'associacaoamica@hotmail.com');
INSERT INTO Horario VALUES('2020/05/12 9:00:00', '2020/05/12 15:00:00', 7,0, 6, 'associacaoamica@hotmail.com');
INSERT INTO Horario VALUES('2020/05/12 9:00:00', '2020/05/12 13:00:00', 7,0, 7, 'associacaoamica@hotmail.com');
INSERT INTO Horario VALUES('2020/05/12 13:30:00', '2020/05/12 19:00:00', 7,0, 1, 'apaae@apaae.pt');
INSERT INTO Horario VALUES('2020/05/12 13:30:00', '2020/05/12 19:00:00', 7,0, 2, 'apaae@apaae.pt');
INSERT INTO Horario VALUES('2020/05/12 13:30:00', '2020/05/12 19:00:00', 7,0, 3, 'apaae@apaae.pt');
INSERT INTO Horario VALUES('2020/05/12 13:30:00', '2020/05/12 19:00:00', 7,0, 4, 'apaae@apaae.pt');
INSERT INTO Horario VALUES('2020/05/12 13:30:00', '2020/05/12 19:00:00', 7,0, 5, 'apaae@apaae.pt');
INSERT INTO Horario VALUES('2020/05/12 13:30:00', '2020/05/12 19:00:00', 7,0, 6, 'apaae@apaae.pt');
INSERT INTO Horario VALUES('2020/05/12 00:00:00', '2020/05/12 00:00:00', 7,0, 7, 'apaae@apaae.pt');
INSERT INTO Horario VALUES('2020/05/12 09:00:00', '2020/05/12 17:00:00', 7,0, 1, 'gadaffassociacao@gmail.com');
INSERT INTO Horario VALUES('2020/05/12 09:00:00', '2020/05/12 17:00:00', 7,0, 2, 'gadaffassociacao@gmail.com');
INSERT INTO Horario VALUES('2020/05/12 09:00:00', '2020/05/12 17:00:00', 7,0, 3, 'gadaffassociacao@gmail.com');
INSERT INTO Horario VALUES('2020/05/12 09:00:00', '2020/05/12 17:00:00', 7,0, 4, 'gadaffassociacao@gmail.com');
INSERT INTO Horario VALUES('2020/05/12 09:00:00', '2020/05/12 17:00:00', 7,0, 5, 'gadaffassociacao@gmail.com');
INSERT INTO Horario VALUES('2020/05/12 09:00:00', '2020/05/12 15:00:00', 7,0, 6, 'gadaffassociacao@gmail.com');
INSERT INTO Horario VALUES('2020/05/12 09:00:00', '2020/05/12 13:00:00', 7,0, 7, 'gadaffassociacao@gmail.com');
INSERT INTO Horario VALUES('2020/05/12 17:30:00', '2020/05/12 19:00:00', 7,0, 1, 'geral@afamafaial.org');
INSERT INTO Horario VALUES('2020/05/12 17:30:00', '2020/05/12 19:00:00', 7,0, 2, 'geral@afamafaial.org');
INSERT INTO Horario VALUES('2020/05/12 17:30:00', '2020/05/12 19:00:00', 7,0, 3, 'geral@afamafaial.org');
INSERT INTO Horario VALUES('2020/05/12 17:30:00', '2020/05/12 19:00:00', 7,0, 4, 'geral@afamafaial.org');
INSERT INTO Horario VALUES('2020/05/12 17:30:00', '2020/05/12 19:00:00', 7,0, 5, 'geral@afamafaial.org');
INSERT INTO Horario VALUES('2020/05/12 17:30:00', '2020/05/12 19:00:00', 7,0, 6, 'geral@afamafaial.org');
INSERT INTO Horario VALUES('2020/05/12 17:30:00', '2020/05/12 19:00:00', 7,0, 7, 'geral@afamafaial.org');
INSERT INTO Horario VALUES('2020/05/12 09:00:00', '2020/05/12 17:00:00', 7,0, 1, 'aaparc@hotmail.com');
INSERT INTO Horario VALUES('2020/05/12 09:00:00', '2020/05/12 17:00:00', 7,0, 2, 'aaparc@hotmail.com');
INSERT INTO Horario VALUES('2020/05/12 09:00:00', '2020/05/12 17:00:00', 7,0, 3, 'aaparc@hotmail.com');
INSERT INTO Horario VALUES('2020/05/12 09:00:00', '2020/05/12 17:00:00', 7,0, 4, 'aaparc@hotmail.com');
INSERT INTO Horario VALUES('2020/05/12 09:00:00', '2020/05/12 17:00:00', 7,0, 5, 'aaparc@hotmail.com');
INSERT INTO Horario VALUES('2020/05/12 10:00:00', '2020/05/12 15:00:00', 7,0, 6, 'aaparc@hotmail.com');
INSERT INTO Horario VALUES('2020/05/12 09:00:00', '2020/05/12 13:00:00', 7,0, 7, 'aaparc@hotmail.com');
INSERT INTO Horario VALUES('2020/05/12 09:00:00', '2020/05/12 17:00:00', 7,0, 1, 'pproanimal@gmail.com');
INSERT INTO Horario VALUES('2020/05/12 09:00:00', '2020/05/12 17:00:00', 7,0, 2, 'pproanimal@gmail.com');
INSERT INTO Horario VALUES('2020/05/12 09:00:00', '2020/05/12 17:00:00', 7,0, 3, 'pproanimal@gmail.com');
INSERT INTO Horario VALUES('2020/05/12 09:00:00', '2020/05/12 17:00:00', 7,0, 4, 'pproanimal@gmail.com');
INSERT INTO Horario VALUES('2020/05/12 09:00:00', '2020/05/12 17:00:00', 7,0, 5, 'pproanimal@gmail.com');
INSERT INTO Horario VALUES('2020/05/12 10:00:00', '2020/05/12 15:00:00', 7,0, 6, 'pproanimal@gmail.com');
INSERT INTO Horario VALUES('2020/05/12 09:00:00', '2020/05/12 13:00:00', 7,0, 7, 'pproanimal@gmail.com');
INSERT INTO Horario VALUES('2020/05/12 09:00:00', '2020/05/12 17:00:00', 7,0, 1, 'rafeiroscompanhia@sapo.pt');
INSERT INTO Horario VALUES('2020/05/12 09:00:00', '2020/05/12 17:00:00', 7,0, 2, 'rafeiroscompanhia@sapo.pt');
INSERT INTO Horario VALUES('2020/05/12 09:00:00', '2020/05/12 17:00:00', 7,0, 3, 'rafeiroscompanhia@sapo.pt');
INSERT INTO Horario VALUES('2020/05/12 09:00:00', '2020/05/12 17:00:00', 7,0, 4, 'rafeiroscompanhia@sapo.pt');
INSERT INTO Horario VALUES('2020/05/12 09:00:00', '2020/05/12 17:00:00', 7,0, 5, 'rafeiroscompanhia@sapo.pt');
INSERT INTO Horario VALUES('2020/05/12 10:00:00', '2020/05/12 15:00:00', 7,0, 6, 'rafeiroscompanhia@sapo.pt');
INSERT INTO Horario VALUES('2020/05/12 09:00:00', '2020/05/12 13:00:00', 7,0, 7, 'rafeiroscompanhia@sapo.pt');
INSERT INTO Horario VALUES('2020/05/12 09:00:00', '2020/05/12 17:00:00', 7,0, 1, 'focinhos@live.com.pt');
INSERT INTO Horario VALUES('2020/05/12 09:00:00', '2020/05/12 17:00:00', 7,0, 2, 'focinhos@live.com.pt');
INSERT INTO Horario VALUES('2020/05/12 09:00:00', '2020/05/12 17:00:00', 7,0, 3, 'focinhos@live.com.pt');
INSERT INTO Horario VALUES('2020/05/12 09:00:00', '2020/05/12 17:00:00', 7,0, 4, 'focinhos@live.com.pt');
INSERT INTO Horario VALUES('2020/05/12 09:00:00', '2020/05/12 17:00:00', 7,0, 5, 'focinhos@live.com.pt');
INSERT INTO Horario VALUES('2020/05/12 10:00:00', '2020/05/12 15:00:00', 7,0, 6, 'focinhos@live.com.pt');
INSERT INTO Horario VALUES('2020/05/12 09:00:00', '2020/05/12 13:00:00', 7,0, 7, 'focinhos@live.com.pt');
INSERT INTO Horario VALUES('2020/05/12 09:00:00', '2020/05/12 17:00:00', 7,0, 1, 'adaca@sapo.pt');
INSERT INTO Horario VALUES('2020/05/12 09:00:00', '2020/05/12 17:00:00', 7,0, 2, 'adaca@sapo.pt');
INSERT INTO Horario VALUES('2020/05/12 09:00:00', '2020/05/12 17:00:00', 7,0, 3, 'adaca@sapo.pt');
INSERT INTO Horario VALUES('2020/05/12 09:00:00', '2020/05/12 17:00:00', 7,0, 4, 'adaca@sapo.pt');
INSERT INTO Horario VALUES('2020/05/12 09:00:00', '2020/05/12 17:00:00', 7,0, 5, 'adaca@sapo.pt');
INSERT INTO Horario VALUES('2020/05/12 10:00:00', '2020/05/12 15:00:00', 7,0, 6, 'adaca@sapo.pt');
INSERT INTO Horario VALUES('2020/05/12 09:00:00', '2020/05/12 13:00:00', 7,0, 7, 'adaca@sapo.pt');
INSERT INTO Horario VALUES('2020/05/12 09:00:00', '2020/05/12 17:00:00', 7,0, 1, 'info@madeiraanimalwelfare.org');
INSERT INTO Horario VALUES('2020/05/12 09:00:00', '2020/05/12 17:00:00', 7,0, 2, 'info@madeiraanimalwelfare.org');
INSERT INTO Horario VALUES('2020/05/12 09:00:00', '2020/05/12 17:00:00', 7,0, 3, 'info@madeiraanimalwelfare.org');
INSERT INTO Horario VALUES('2020/05/12 09:00:00', '2020/05/12 17:00:00', 7,0, 4, 'info@madeiraanimalwelfare.org');
INSERT INTO Horario VALUES('2020/05/12 09:00:00', '2020/05/12 17:00:00', 7,0, 5, 'info@madeiraanimalwelfare.org');
INSERT INTO Horario VALUES('2020/05/12 10:00:00', '2020/05/12 15:00:00', 7,0, 6, 'info@madeiraanimalwelfare.org');
INSERT INTO Horario VALUES('2020/05/12 09:00:00', '2020/05/12 13:00:00', 7,0, 7, 'info@madeiraanimalwelfare.org');
INSERT INTO Horario VALUES('2020/05/12 09:00:00', '2020/05/12 17:00:00', 7,0, 1, 'geral@associacaocaoviver.org');
INSERT INTO Horario VALUES('2020/05/12 09:00:00', '2020/05/12 17:00:00', 7,0, 2, 'geral@associacaocaoviver.org');
INSERT INTO Horario VALUES('2020/05/12 09:00:00', '2020/05/12 17:00:00', 7,0, 3, 'geral@associacaocaoviver.org');
INSERT INTO Horario VALUES('2020/05/12 09:00:00', '2020/05/12 17:00:00', 7,0, 4, 'geral@associacaocaoviver.org');
INSERT INTO Horario VALUES('2020/05/12 09:00:00', '2020/05/12 17:00:00', 7,0, 5, 'geral@associacaocaoviver.org');
INSERT INTO Horario VALUES('2020/05/12 10:00:00', '2020/05/12 15:00:00', 7,0, 6, 'geral@associacaocaoviver.org');
INSERT INTO Horario VALUES('2020/05/12 09:00:00', '2020/05/12 13:00:00', 7,0, 7, 'geral@associacaocaoviver.org');
INSERT INTO Horario VALUES('2020/05/12 09:00:00', '2020/05/12 17:00:00', 7,0, 1, 'amigos.da.bicharada@gmail.com');
INSERT INTO Horario VALUES('2020/05/12 09:00:00', '2020/05/12 17:00:00', 7,0, 2, 'amigos.da.bicharada@gmail.com');
INSERT INTO Horario VALUES('2020/05/12 09:00:00', '2020/05/12 17:00:00', 7,0, 3, 'amigos.da.bicharada@gmail.com');
INSERT INTO Horario VALUES('2020/05/12 09:00:00', '2020/05/12 17:00:00', 7,0, 4, 'amigos.da.bicharada@gmail.com');
INSERT INTO Horario VALUES('2020/05/12 09:00:00', '2020/05/12 17:00:00', 7,0, 5, 'amigos.da.bicharada@gmail.com');
INSERT INTO Horario VALUES('2020/05/12 10:00:00', '2020/05/12 15:00:00', 7,0, 6, 'amigos.da.bicharada@gmail.com');
INSERT INTO Horario VALUES('2020/05/12 09:00:00', '2020/05/12 13:00:00', 7,0, 7, 'amigos.da.bicharada@gmail.com');
INSERT INTO Horario VALUES('2020/05/12 09:00:00', '2020/05/12 17:00:00', 7,0, 1, 'apacanimaiscadaval@gmail.com');
INSERT INTO Horario VALUES('2020/05/12 09:00:00', '2020/05/12 17:00:00', 7,0, 2, 'apacanimaiscadaval@gmail.com');
INSERT INTO Horario VALUES('2020/05/12 09:00:00', '2020/05/12 17:00:00', 7,0, 3, 'apacanimaiscadaval@gmail.com');
INSERT INTO Horario VALUES('2020/05/12 09:00:00', '2020/05/12 17:00:00', 7,0, 4, 'apacanimaiscadaval@gmail.com');
INSERT INTO Horario VALUES('2020/05/12 09:00:00', '2020/05/12 17:00:00', 7,0, 5, 'apacanimaiscadaval@gmail.com');
INSERT INTO Horario VALUES('2020/05/12 10:00:00', '2020/05/12 15:00:00', 7,0, 6, 'apacanimaiscadaval@gmail.com');
INSERT INTO Horario VALUES('2020/05/12 09:00:00', '2020/05/12 13:00:00', 7,0, 7, 'apacanimaiscadaval@gmail.com');
INSERT INTO Horario VALUES('2020/05/12 09:00:00', '2020/05/12 17:00:00', 7,0, 1, 'apamg.geral@gmail.com');
INSERT INTO Horario VALUES('2020/05/12 09:00:00', '2020/05/12 17:00:00', 7,0, 2, 'apamg.geral@gmail.com');
INSERT INTO Horario VALUES('2020/05/12 09:00:00', '2020/05/12 17:00:00', 7,0, 3, 'apamg.geral@gmail.com');
INSERT INTO Horario VALUES('2020/05/12 09:00:00', '2020/05/12 17:00:00', 7,0, 4, 'apamg.geral@gmail.com');
INSERT INTO Horario VALUES('2020/05/12 09:00:00', '2020/05/12 17:00:00', 7,0, 5, 'apamg.geral@gmail.com');
INSERT INTO Horario VALUES('2020/05/12 10:00:00', '2020/05/12 15:00:00', 7,0, 6, 'apamg.geral@gmail.com');
INSERT INTO Horario VALUES('2020/05/12 09:00:00', '2020/05/12 13:00:00', 7,0, 7, 'apamg.geral@gmail.com');
INSERT INTO Horario VALUES('2020/05/12 09:00:00', '2020/05/12 17:00:00', 7,0, 1, 'acasota@gmail.com');
INSERT INTO Horario VALUES('2020/05/12 09:00:00', '2020/05/12 17:00:00', 7,0, 2, 'acasota@gmail.com');
INSERT INTO Horario VALUES('2020/05/12 09:00:00', '2020/05/12 17:00:00', 7,0, 3, 'acasota@gmail.com');
INSERT INTO Horario VALUES('2020/05/12 09:00:00', '2020/05/12 17:00:00', 7,0, 4, 'acasota@gmail.com');
INSERT INTO Horario VALUES('2020/05/12 09:00:00', '2020/05/12 17:00:00', 7,0, 5, 'acasota@gmail.com');
INSERT INTO Horario VALUES('2020/05/12 10:00:00', '2020/05/12 15:00:00', 7,0, 6, 'acasota@gmail.com');
INSERT INTO Horario VALUES('2020/05/12 09:00:00', '2020/05/12 13:00:00', 7,0, 7, 'acasota@gmail.com');
INSERT INTO Horario VALUES('2020/05/12 09:00:00', '2020/05/12 17:00:00', 7,0, 1, 'associacaoguadi@gmail.com');
INSERT INTO Horario VALUES('2020/05/12 09:00:00', '2020/05/12 17:00:00', 7,0, 2, 'associacaoguadi@gmail.com');
INSERT INTO Horario VALUES('2020/05/12 09:00:00', '2020/05/12 17:00:00', 7,0, 3, 'associacaoguadi@gmail.com');
INSERT INTO Horario VALUES('2020/05/12 09:00:00', '2020/05/12 17:00:00', 7,0, 4, 'associacaoguadi@gmail.com');
INSERT INTO Horario VALUES('2020/05/12 09:00:00', '2020/05/12 17:00:00', 7,0, 5, 'associacaoguadi@gmail.com');
INSERT INTO Horario VALUES('2020/05/12 10:00:00', '2020/05/12 15:00:00', 7,0, 6, 'associacaoguadi@gmail.com');
INSERT INTO Horario VALUES('2020/05/12 09:00:00', '2020/05/12 13:00:00', 7,0, 7, 'associacaoguadi@gmail.com');
INSERT INTO Horario VALUES('2020/05/12 09:00:00', '2020/05/12 17:00:00', 7,0, 1, 'pata.ativa.associacao@gmail.com');
INSERT INTO Horario VALUES('2020/05/12 09:00:00', '2020/05/12 17:00:00', 7,0, 2, 'pata.ativa.associacao@gmail.com');
INSERT INTO Horario VALUES('2020/05/12 09:00:00', '2020/05/12 17:00:00', 7,0, 3, 'pata.ativa.associacao@gmail.com');
INSERT INTO Horario VALUES('2020/05/12 09:00:00', '2020/05/12 17:00:00', 7,0, 4, 'pata.ativa.associacao@gmail.com');
INSERT INTO Horario VALUES('2020/05/12 09:00:00', '2020/05/12 17:00:00', 7,0, 5, 'pata.ativa.associacao@gmail.com');
INSERT INTO Horario VALUES('2020/05/12 10:00:00', '2020/05/12 15:00:00', 7,0, 6, 'pata.ativa.associacao@gmail.com');
INSERT INTO Horario VALUES('2020/05/12 09:00:00', '2020/05/12 13:00:00', 7,0, 7, 'pata.ativa.associacao@gmail.com');
INSERT INTO Horario VALUES('2020/05/12 09:00:00', '2020/05/12 13:00:00', 7,0, 1, 'cat.cantinhodosanimais@gmail.com');
INSERT INTO Horario VALUES('2020/05/12 09:00:00', '2020/05/12 13:00:00', 7,0, 2, 'cat.cantinhodosanimais@gmail.com');
INSERT INTO Horario VALUES('2020/05/12 09:00:00', '2020/05/12 13:00:00', 7,0, 3, 'cat.cantinhodosanimais@gmail.com');
INSERT INTO Horario VALUES('2020/05/12 09:00:00', '2020/05/12 13:00:00', 7,0, 4, 'cat.cantinhodosanimais@gmail.com');
INSERT INTO Horario VALUES('2020/05/12 09:00:00', '2020/05/12 13:00:00', 7,0, 5, 'cat.cantinhodosanimais@gmail.com');
INSERT INTO Horario VALUES('2020/05/12 09:00:00', '2020/05/12 13:00:00', 7,0, 6, 'cat.cantinhodosanimais@gmail.com');
INSERT INTO Horario VALUES('2020/05/12 09:00:00', '2020/05/12 13:00:00', 7,0, 7, 'cat.cantinhodosanimais@gmail.com');
INSERT INTO Horario VALUES('2020/05/12 09:00:00', '2020/05/12 13:00:00', 7,0, 1, 'joaodiogomota12@gmail.com');
INSERT INTO Horario VALUES('2020/05/12 09:00:00', '2020/05/12 13:00:00', 7,0, 2, 'joaodiogomota12@gmail.com');
INSERT INTO Horario VALUES('2020/05/12 09:00:00', '2020/05/12 13:00:00', 7,0, 3, 'joaodiogomota12@gmail.com');
INSERT INTO Horario VALUES('2020/05/12 09:00:00', '2020/05/12 13:00:00', 7,0, 4, 'joaodiogomota12@gmail.com');
INSERT INTO Horario VALUES('2020/05/12 09:00:00', '2020/05/12 13:00:00', 7,0, 5, 'joaodiogomota12@gmail.com');
INSERT INTO Horario VALUES('2020/05/12 09:00:00', '2020/05/12 13:00:00', 7,0, 6, 'joaodiogomota12@gmail.com');
INSERT INTO Horario VALUES('2020/05/12 09:00:00', '2020/05/12 13:00:00', 7,0, 7, 'joaodiogomota12@gmail.com');
